Data,Disciplina,Tempo (min),Assunto,Trilha,Observações,Tipo,p. fim,dia,semana_temp,semana,tempo (horas),meta diária,meta semanal,disciplina_ds,disciplina_upper,primeiro_dia_semana,,,
20/08/2020,CGA,24,"Aula 05 - 7 Estoques. 7.1 Conceito, conteúdo e classificação. 7.2 Critérios de avaliação de estoques.",,,Revisão de 24h,,,202034,202034,"0,4",4,25,CGA,CGA,,CGA,,
20/08/2020,CGA,45,"Aula 05 - 7 Estoques. 7.1 Conceito, conteúdo e classificação. 7.2 Critérios de avaliação de estoques.",,,Questões,,,202034,202034,"0,8",4,25,CGA,CGA,,CGA,128,"3,047619048"
21/08/2020,CGA,45,"Aula 05 - 7 Estoques. 7.1 Conceito, conteúdo e classificação. 7.2 Critérios de avaliação de estoques.",,,Questões,,,202034,202034,"0,8",4,25,CGA,CGA,,CGA,,
21/08/2020,DTRIB,28,Aula 07 - Obrigação Tributária: Principal e Acessória. Fato Gerador da Obrigação Tributária. Sujeição Ativa e Passiva. Capacidade Tributária. Solidariedade. Domicílio Tributário.,,,Questões,,,202034,202034,"0,5",4,25,DTRIB,DTRIB,,DTRIB,,
23/08/2020,EST,10,Aula 00 - Médias,,,Revisão de 24h,,,202034,202034,"0,2",4,25,EST,EST,,EST,,
23/08/2020,EST,135,Aula 00 - Médias,,,Questões,,,202034,202034,"2,3",4,25,EST,EST,,EST,,
24/08/2020,DAD,31,Aula 17 - 10.4 Lei no 8.429/1992 e suas alterações (improbidade administrativa).,,,Revisão de 24h,,,202035,202035,"0,5",4,25,DAD,DAD,,DAD,,
24/08/2020,DAD,26,Aula 17 - 10.4 Lei no 8.429/1992 e suas alterações (improbidade administrativa).,,,Questões,,,202035,202035,"0,4",4,25,DAD,DAD,,DAD,,
24/08/2020,FISC. CONT.,49,Aula 02 - Contratação de soluções de Tecnologia da Informação: Instrução normativa (IN 01/2019) - Parte I,,,Leitura,,,202035,202035,"0,8",4,25,FISC. CONT.,FISC. CONT.,,FISC. CONT.,,
24/08/2020,DCO,27,Aula 01 - Direitos e deveres individuais e coletivos (Parte 01).,,,Revisão de 24h,,,202035,202035,"0,5",4,25,DCO,DCO,,DCO,,
24/08/2020,DCO,20,Aula 01 - Direitos e deveres individuais e coletivos (Parte 01).,,,Questões,,,202035,202035,"0,3",4,25,DCO,DCO,,DCO,,
24/08/2020,CGA,15,"Aula 05 - 7 Estoques. 7.1 Conceito, conteúdo e classificação. 7.2 Critérios de avaliação de estoques.",,,Questões,,,202035,202035,"0,3",4,25,CGA,CGA,,CGA,,
24/08/2020,DTRIB,17,Aula 01 - Limitações ao Poder de Tributar (Princípios Tributários).,,,Questões,,,202035,202035,"0,3",4,25,DTRIB,DTRIB,,DTRIB,,
25/08/2020,MAT FIN,94,Aula 00 - Porcentagem,,,Questões,,,202035,202035,"1,6",4,25,MAT FIN,MAT FIN,,MAT FIN,,
25/08/2020,FISC. CONT.,85,Aula 03 - Contratação de soluções de Tecnologia da Informação: Instrução normativa (IN 01/2019) - Parte II,,,Leitura,,,202035,202035,"1,4",4,25,FISC. CONT.,FISC. CONT.,,FISC. CONT.,,
26/08/2020,POR,40,PROVAS/QUESTÕES,,,Questões,,,202035,202035,"0,7",4,25,POR,POR,,POR,,
26/08/2020,CGA,24,Aula 10 - 21 Patrimônio Líquido. 21.1 Capital Social. 21.2 Reservas de capital. 21.3 Ajustes de avaliação patrimonial. 21.5 Ações em tesouraria,,,Revisão de 24h,,,202035,202035,"0,4",4,25,CGA,CGA,,CGA,,
26/08/2020,CGA,29,Aula 10 - 21 Patrimônio Líquido. 21.1 Capital Social. 21.2 Reservas de capital. 21.3 Ajustes de avaliação patrimonial. 21.5 Ações em tesouraria,,,Questões,,,202035,202035,"0,5",4,25,CGA,CGA,,CGA,,
26/08/2020,DTRIB,12,Aula 02 - Limitações ao Poder de Tributar (Imunidades Tributárias).,,,Questões,,,202035,202035,"0,2",4,25,DTRIB,DTRIB,,DTRIB,,
27/08/2020,AUD,86,"Aula 00 - Conceitos, objetivos e finalidades da contabilidade.2 Pronunciamentos, Interpretações e Orientações do Comitê de Pronunciamentos Contábeis (CPC).",,,Leitura,,,202035,202035,"1,4",4,25,AUD,AUD,,AUD,,
27/08/2020,AUD,8,"Aula 00 - 2 Auditoria governamental. 2.2 Auditoria de regularidade e auditoria operacional. 2.3 Instrumentos de fiscalização. 2.3.1 Auditoria, levantamento, monitoramento, acompanhamento e inspeção.",,,Questões,,,202035,202035,"0,1",4,25,AUD,AUD,,AUD,,
28/08/2020,CGA,31,Aula 11 - 21 Patrimônio Líquido. 21.4 Reservas de lucros.. 21.6 Prejuízos acumulados. 21.7 Dividendos. 3.8 Notas Explicativas. 1 Lei nº 6.404/1976 e suas alterações e legislação complementar.,,,Questões,,,202035,202035,"0,5",4,25,CGA,CGA,,CGA,,
28/08/2020,CGA,60,Aula 11 - 21 Patrimônio Líquido. 21.4 Reservas de lucros.. 21.6 Prejuízos acumulados. 21.7 Dividendos. 3.8 Notas Explicativas. 1 Lei nº 6.404/1976 e suas alterações e legislação complementar.,,,Revisão de 24h,,,202035,202035,"1,0",4,25,CGA,CGA,,CGA,,
28/08/2020,POR,40,PROVAS/QUESTÕES,,,Questões,,,202035,202035,"0,7",4,25,POR,POR,,POR,,
28/08/2020,DAD,37,Aula 07 - 12 Licitações e contratos administrativos. 12.1 Lei no 8.666/1993 e suas alterações. 12.6 Fundamentos constitucionais (parte 1),,,Questões,,,202035,202035,"0,6",4,25,DAD,DAD,,DAD,,
29/08/2020,MAT FIN,61,Aula 01 - Razão e Proporção,,,Revisão de 24h,,,202035,202035,"1,0",4,25,MAT FIN,MAT FIN,,MAT FIN,,
29/08/2020,MAT FIN,93,Aula 01 - Razão e Proporção,,,Questões,,,202035,202035,"1,6",4,25,MAT FIN,MAT FIN,,MAT FIN,,
29/08/2020,ANAL. INFO,85,"Aula 00 - 1 Dado, informação, conhecimento e inteligência. Dados estruturados e não estruturados. Dados abertos.",,,Leitura,,,202035,202035,"1,4",4,25,ANAL. INFO,ANAL. INFO,,ANAL. INFO,,
29/08/2020,DTRIB,16,"Aula 00 - Conceito, Espécies e Classificação dos Tributos.",,,Questões,,,202035,202035,"0,3",4,25,DTRIB,DTRIB,,DTRIB,,
31/08/2020,SEG. INFO,120,"Aula 02 - Norma NBR ISO/IEC 27001:2013 e 27002/2013. Classificação e Controle de Ativos de informação, segurança de ambientes físicos e lógicos, controle de acesso. 1.3 Definição, implantação e gestão de políticas de segurança da informação e auditoria. Aquisição, desenvolvimento e manutenção de sistemas. Organização da Segurança da Informação. 3.1 Organização interna. 3.2 Responsabilidade e papéis pela segurança da informação. 3.3. Segurança da informação no gerenciamento de projetos. 3.4 Políticas para o uso de dispositivo móvel. 3.5 Trabalho Remoto. 4. Segurança em recursos humanos. 5. Gestão de incidentes de segurança da informação. 6. Aspectos da segurança da informação na gestão da continuidade do negócio. 7. Conformidade.",,,Leitura,,,202036,202036,"2,0",4,25,SEG. INFO,SEG. INFO,,SEG. INFO,,
01/09/2020,SEG. INFO,15,"Aula 02 - Norma NBR ISO/IEC 27001:2013 e 27002/2013. Classificação e Controle de Ativos de informação, segurança de ambientes físicos e lógicos, controle de acesso. 1.3 Definição, implantação e gestão de políticas de segurança da informação e auditoria. Aquisição, desenvolvimento e manutenção de sistemas. Organização da Segurança da Informação. 3.1 Organização interna. 3.2 Responsabilidade e papéis pela segurança da informação. 3.3. Segurança da informação no gerenciamento de projetos. 3.4 Políticas para o uso de dispositivo móvel. 3.5 Trabalho Remoto. 4. Segurança em recursos humanos. 5. Gestão de incidentes de segurança da informação. 6. Aspectos da segurança da informação na gestão da continuidade do negócio. 7. Conformidade.",,,Questões,,,202036,202036,"0,3",4,25,SEG. INFO,SEG. INFO,,SEG. INFO,,
01/09/2020,LTM,29,"Aula 00 - Introdução. Direito Constitucional Tributário. Princípios Constitucionais Tributários. Limitações Constitucionais ao Poder de Tributar. Tributos Municipais previstos na Constituição. Repartição Constitucional de Receitas com os Municípios. Atribuições da Lei Complementar no Direito Tributário. Questões de concursos anteriores resolvidas e comentadas. IPTU. Imposto sobre a Propriedade Predial e Territorial Urbana. Histórico do IPTU no Brasil. Regra Matriz de Incidência: critério material (o quê?), espacial (onde?), temporal (quando?), pessoal (quem?) e quantitativo (quanto?). Questões de concursos anteriores resolvidas e comentadas.",,Trilha 5 - Tarefa 9,Questões,,,202036,202036,"0,5",4,25,LTM,LTM,,LTM,,
01/09/2020,AUD,42,"Aula 00 - 2 Auditoria governamental. 2.2 Auditoria de regularidade e auditoria operacional. 2.3 Instrumentos de fiscalização. 2.3.1 Auditoria, levantamento, monitoramento, acompanhamento e inspeção.",,Trilha 5 - Tarefa 10,Leitura,,,202036,202036,"0,7",4,25,AUD,AUD,,AUD,,
01/09/2020,AUD,18,"Aula 00 - 2 Auditoria governamental. 2.2 Auditoria de regularidade e auditoria operacional. 2.3 Instrumentos de fiscalização. 2.3.1 Auditoria, levantamento, monitoramento, acompanhamento e inspeção.",,Trilha 5 - Tarefa 10,Questões,,,202036,202036,"0,3",4,25,AUD,AUD,,AUD,,
01/09/2020,CGA,76,Aula 11 - 21 Patrimônio Líquido. 21.4 Reservas de lucros.. 21.6 Prejuízos acumulados. 21.7 Dividendos. 3.8 Notas Explicativas. 1 Lei nº 6.404/1976 e suas alterações e legislação complementar.,,Trilha 5 - Tarefa 11,Questões,,,202036,202036,"1,3",4,25,CGA,CGA,,CGA,,
01/09/2020,DCO,22,"Aula 05 - Da Organização do Estado. Organização político-administrativa, União, Estados, Distrito Federal, Municípios e Territórios. Autonomia dos Municípios. Intervenção.",,Trilha 5 - Tarefa 12,Questões,,,202036,202036,"0,4",4,25,DCO,DCO,,DCO,,
02/09/2020,EST,63,Aula 01 - Introdução à Estatística Descritiva.,,Trilha 5 - Tarefa 13,Questões,,,202036,202036,"1,1",4,25,EST,EST,,EST,,
02/09/2020,SEG. INFO,57,Aula 01 - Gestão e Segurança da Informação.,,Trilha 5 - Tarefa 14,Leitura,,,202036,202036,"1,0",4,25,SEG. INFO,SEG. INFO,,SEG. INFO,,
02/09/2020,SEG. INFO,3,Aula 01 - Gestão e Segurança da Informação.,,Trilha 5 - Tarefa 14,Questões,,,202036,202036,"0,1",4,25,SEG. INFO,SEG. INFO,,SEG. INFO,,
02/09/2020,DTRIB,18,Aula 03 - Competência Tributária. Impostos de Competência da União,,Trilha 5 - Tarefa 15,Questões,,,202036,202036,"0,3",4,25,DTRIB,DTRIB,,DTRIB,,
02/09/2020,AUD,20,"Aula 00 - 2 Auditoria governamental. 2.2 Auditoria de regularidade e auditoria operacional. 2.3 Instrumentos de fiscalização. 2.3.1 Auditoria, levantamento, monitoramento, acompanhamento e inspeção.",,Trilha 5 - Tarefa 16,Revisão de 24h,,,202036,202036,"0,3",4,25,AUD,AUD,,AUD,,
03/09/2020,CGA,17,Aula 06 - 9 Realizável a longo prazo (não circulante). 9.1 Conceito e classificação.,,Trilha 5 - Tarefa 17,Questões,,,202036,202036,"0,3",4,25,CGA,CGA,,CGA,,
03/09/2020,POR,16,PROVAS/QUESTÕES,,Trilha 5 - Tarefa 18,Questões,,,202036,202036,"0,3",4,25,POR,POR,,POR,,
03/09/2020,DAD,18,"Aula 06 - 3 Ato administrativo. 3.1 Conceito, requisitos, atributos, classificação e espécies. 3.2 Extinção do ato administrativo. 3.2.1 Cassação, anulação, revogação e convalidação. 3.3 Decadência administrativa.",,Trilha 5 - Tarefa 19,Revisão de 24h,,,202036,202036,"0,3",4,25,DAD,DAD,,DAD,,
03/09/2020,DAD,31,"Aula 06 - 3 Ato administrativo. 3.1 Conceito, requisitos, atributos, classificação e espécies. 3.2 Extinção do ato administrativo. 3.2.1 Cassação, anulação, revogação e convalidação. 3.3 Decadência administrativa.",,Trilha 5 - Tarefa 19,Questões,,,202036,202036,"0,5",4,25,DAD,DAD,,DAD,,
03/09/2020,ANAL. INFO,10,"Aula 00 - 1 Dado, informação, conhecimento e inteligência. Dados estruturados e não estruturados. Dados abertos.",,Trilha 5 - Tarefa 21,Revisão de 24h,,,202036,202036,"0,2",4,25,ANAL. INFO,ANAL. INFO,,ANAL. INFO,,
03/09/2020,ANAL. INFO,17,"Aula 00 - 1 Dado, informação, conhecimento e inteligência. Dados estruturados e não estruturados. Dados abertos.",,Trilha 5 - Tarefa 21,Questões,,,202036,202036,"0,3",4,25,ANAL. INFO,ANAL. INFO,,ANAL. INFO,,
09/09/2020,DPEN,72,Aula 00 - Princípios do Direito Penal. Disposições constitucionais aplicáveis. Conceito e fontes do Direito Penal.,,Trilha 5 - Tarefa 22,Leitura,,,202037,202037,"1,2",4,25,DPEN,DPEN,,DPEN,,
09/09/2020,LTM,73,"Aula 00 - Introdução. Direito Constitucional Tributário. Princípios Constitucionais Tributários. Limitações Constitucionais ao Poder de Tributar. Tributos Municipais previstos na Constituição. Repartição Constitucional de Receitas com os Municípios. Atribuições da Lei Complementar no Direito Tributário. Questões de concursos anteriores resolvidas e comentadas. IPTU. Imposto sobre a Propriedade Predial e Territorial Urbana. Histórico do IPTU no Brasil. Regra Matriz de Incidência: critério material (o quê?), espacial (onde?), temporal (quando?), pessoal (quem?) e quantitativo (quanto?). Questões de concursos anteriores resolvidas e comentadas.",,Trilha 5 - Tarefa 23,Questões,,,202037,202037,"1,2",4,25,LTM,LTM,,LTM,,
09/09/2020,AUD,36,"Aula 00 - 2 Auditoria governamental. 2.2 Auditoria de regularidade e auditoria operacional. 2.3 Instrumentos de fiscalização. 2.3.1 Auditoria, levantamento, monitoramento, acompanhamento e inspeção.",,Trilha 5 - Tarefa 24,Leitura,,,202037,202037,"0,6",4,25,AUD,AUD,,AUD,,
09/09/2020,AUD,8,"Aula 00 - 2 Auditoria governamental. 2.2 Auditoria de regularidade e auditoria operacional. 2.3 Instrumentos de fiscalização. 2.3.1 Auditoria, levantamento, monitoramento, acompanhamento e inspeção.",,Trilha 5 - Tarefa 24,Questões,,,202037,202037,"0,1",4,25,AUD,AUD,,AUD,,
10/09/2020,CGA,68,Aula 06 - 9 Realizável a longo prazo (não circulante). 9.1 Conceito e classificação.,,Trilha 5 - Tarefa 25,Questões,,,202037,202037,"1,1",4,25,CGA,CGA,,CGA,,
10/09/2020,DISC,158,Treino de Discursiva,,Trilha 5 - Tarefa 26 - Curso Vandinara - Aula 02 teoria,Leitura,,,202037,202037,"2,6",4,25,DISC,DISC,,DISC,,
11/09/2020,DPEN,29,Aula 00 - Princípios do Direito Penal. Disposições constitucionais aplicáveis. Conceito e fontes do Direito Penal.,,Trilha 5 - Tarefa 27,Questões,,,202037,202037,"0,5",4,25,DPEN,DPEN,,DPEN,,
11/09/2020,SEG. INFO,64,Aula 01 - Gestão e Segurança da Informação.,,Trilha 5 - Tarefa 28,Questões,,,202037,202037,"1,1",4,25,SEG. INFO,SEG. INFO,,SEG. INFO,,
12/09/2020,DTRIB,66,Aula 08 - Responsabilidade Tributária: Conceito. Responsabilidade dos Sucessores Responsabilidade de Terceiros Responsabilidade por Infrações,,Trilha 5 - Tarefa 29,Revisão de 24h,,,202037,202037,"1,1",4,25,DTRIB,DTRIB,,DTRIB,,
12/09/2020,LTM,54,"Aula 00 - Introdução. Direito Constitucional Tributário. Princípios Constitucionais Tributários. Limitações Constitucionais ao Poder de Tributar. Tributos Municipais previstos na Constituição. Repartição Constitucional de Receitas com os Municípios. Atribuições da Lei Complementar no Direito Tributário. Questões de concursos anteriores resolvidas e comentadas. IPTU. Imposto sobre a Propriedade Predial e Territorial Urbana. Histórico do IPTU no Brasil. Regra Matriz de Incidência: critério material (o quê?), espacial (onde?), temporal (quando?), pessoal (quem?) e quantitativo (quanto?). Questões de concursos anteriores resolvidas e comentadas.",,Trilha 5 - Tarefa 30,Questões,,,202037,202037,"0,9",4,25,LTM,LTM,,LTM,,
12/09/2020,MAT FIN,48,Aula 02 - Regra de três simples e composta,,Trilha 5 - Tarefa 20,Questões,,,202037,202037,"0,8",4,25,MAT FIN,MAT FIN,,MAT FIN,,
14/09/2020,DISC,91,Treino de Discursiva,,Trilha 5 - Tarefa 31,Leitura,,,202038,202038,"1,5",4,25,DISC,DISC,,DISC,,
14/09/2020,CGA,20,"Aula 07 - 14 Ativo Imobilizado. 14.1 Conceituação, classificação e conteúdos das contas. 14.2 Critérios de avaliação e mensuração do ativo imobilizado. 14.3 Depreciação, exaustão e amortização.",,Trilha 6 - Tarefa 1,Revisão de 24h,,,202038,202038,"0,3",4,25,CGA,CGA,,CGA,,
14/09/2020,CGA,46,"Aula 07 - 14 Ativo Imobilizado. 14.1 Conceituação, classificação e conteúdos das contas. 14.2 Critérios de avaliação e mensuração do ativo imobilizado. 14.3 Depreciação, exaustão e amortização.",,Trilha 6 - Tarefa 1,Questões,,,202038,202038,"0,8",4,25,CGA,CGA,,CGA,,
15/09/2020,AUD,105,Aula 01 - 2.4 Planejamento de auditoria. 4 Plano de auditoria baseado no risco. 4.1 Atividades preliminares. 4.2 Determinação de escopo. 4.9 Papéis de trabalho. 9 Documentação da auditoria.,,Trilha 6 - Tarefa 2,Leitura,,,202038,202038,"1,8",4,25,AUD,AUD,,AUD,,
15/09/2020,LTM,100,"Aula 01 - Continuação do IPTU. Questões de concursos anteriores resolvidas e comentadas. ITBI. Imposto sobre Transmissão ""Inter Vivos"", a qualquer título, por ato oneroso, de bens imóveis, por natureza ou acessão física, e de direitos reais sobre imóveis, exceto os de garantia, bem como a cessão de direitos à sua aquisição. Histórico do ITBI no Brasil. Regra Matriz de Incidência: critério material (o quê?), espacial (onde?), temporal (quando?), pessoal (quem?) e quantitativo (quanto?). Regras Gerais. Arrecadação. Lançamento. Não incidência e Isenção. Obrigações Acessórias. Questões de concursos anteriores resolvidas e comentadas.",,Trilha 6 - Tarefa 3 + Lei Seca CTM Art. 133 a 169-A,Leitura,,,202038,202038,"1,7",4,25,LTM,LTM,,LTM,,
15/09/2020,ANAL. INFO,80,Aula 01 - Modelo de dados. Modelagem Conceitual.,,Trilha 6 - Tarefa 4,Leitura,,,202038,202038,"1,3",4,25,ANAL. INFO,ANAL. INFO,,ANAL. INFO,,
16/09/2020,DAD,37,Aula 02 - 9 Organização administrativa. 9.1 Autarquias,,Trilha 6 - Tarefa 5,Questões,,,202038,202038,"0,6",4,25,DAD,DAD,,DAD,,
16/09/2020,MAT FIN,76,Aula 03 - Juros Simples,,Trilha 6 - Tarefa 6,Leitura,,,202038,202038,"1,3",4,25,MAT FIN,MAT FIN,,MAT FIN,,
16/09/2020,DTRIB,9,"Aula 12 - Garantias e Privilégios do Crédito Tributário. Administração Tributária: Fiscalização, Dívida Ativa e Certidões Negativas. Disposições Finais e Transitórias.",,Trilha 6 - Tarefa 7,Questões,,,202038,202038,"0,2",4,25,DTRIB,DTRIB,,DTRIB,,
16/09/2020,DPEN,71,Aula 01 - Aplicação da Lei Penal. Lei penal no tempo. Lei penal no espaço. Disposições preliminares do CP. Frações não computáveis de pena. Conflito de leis penais. Pena cumprida no estrangeiro.,,Trilha 6 - Tarefa 8,Leitura,,,202038,202038,"1,2",4,25,DPEN,DPEN,,DPEN,,
17/09/2020,CGA,12,"Aula 18 - CPC 04 - 15 Ativos intangíveis. 15.1 Aspectos conceituais, definição, reconhecimento e mensuração. 15.2 Goodwill.",,Trilha 6 - Tarefa 9,Revisão de 24h,,,202038,202038,"0,2",4,25,CGA,CGA,,CGA,,
17/09/2020,CGA,35,"Aula 18 - CPC 04 - 15 Ativos intangíveis. 15.1 Aspectos conceituais, definição, reconhecimento e mensuração. 15.2 Goodwill.",,Trilha 6 - Tarefa 9,Questões,,,202038,202038,"0,6",4,25,CGA,CGA,,CGA,,
17/09/2020,AUD,15,Aula 01 - 2.4 Planejamento de auditoria. 4 Plano de auditoria baseado no risco. 4.1 Atividades preliminares. 4.2 Determinação de escopo. 4.9 Papéis de trabalho. 9 Documentação da auditoria.,,Trilha 6 - Tarefa 10,Questões,,,202038,202038,"0,3",4,25,AUD,AUD,,AUD,,
17/09/2020,AUD,22,Aula 01 - 2.4 Planejamento de auditoria. 4 Plano de auditoria baseado no risco. 4.1 Atividades preliminares. 4.2 Determinação de escopo. 4.9 Papéis de trabalho. 9 Documentação da auditoria.,,Trilha 6 - Tarefa 10 - Estudo das questoes,Leitura,,,202038,202038,"0,4",4,25,AUD,AUD,,AUD,,
17/09/2020,ANAL. INFO,55,Aula 01 - Modelo de dados. Modelagem Conceitual.,,Trilha 6 - Tarefa 11,Questões,,,202038,202038,"0,9",4,25,ANAL. INFO,ANAL. INFO,,ANAL. INFO,,
17/09/2020,LTM,32,"Aula 01 - Continuação do IPTU. Questões de concursos anteriores resolvidas e comentadas. ITBI. Imposto sobre Transmissão ""Inter Vivos"", a qualquer título, por ato oneroso, de bens imóveis, por natureza ou acessão física, e de direitos reais sobre imóveis, exceto os de garantia, bem como a cessão de direitos à sua aquisição. Histórico do ITBI no Brasil. Regra Matriz de Incidência: critério material (o quê?), espacial (onde?), temporal (quando?), pessoal (quem?) e quantitativo (quanto?). Regras Gerais. Arrecadação. Lançamento. Não incidência e Isenção. Obrigações Acessórias. Questões de concursos anteriores resolvidas e comentadas.",,Trilha 6 - Tarefa 12,Questões,,,202038,202038,"0,5",4,25,LTM,LTM,,LTM,,
17/09/2020,GEST. E GOV.,30,Aula 00 - Introdução a Gestão e Governança de TI,,Trilha 6 - Tarefa 13,Leitura,,,202038,202038,"0,5",4,25,GEST. E GOV.,GEST. E GOV.,,GEST. E GOV.,,
18/09/2020,GEST. E GOV.,82,Aula 00 - Introdução a Gestão e Governança de TI,,Trilha 6 - Tarefa 13,Leitura,,,202038,202038,"1,4",4,25,GEST. E GOV.,GEST. E GOV.,,GEST. E GOV.,,
18/09/2020,SEG. INFO,26,"Aula 02 - Norma NBR ISO/IEC 27001:2013 e 27002/2013. Classificação e Controle de Ativos de informação, segurança de ambientes físicos e lógicos, controle de acesso. 1.3 Definição, implantação e gestão de políticas de segurança da informação e auditoria. Aquisição, desenvolvimento e manutenção de sistemas. Organização da Segurança da Informação. 3.1 Organização interna. 3.2 Responsabilidade e papéis pela segurança da informação. 3.3. Segurança da informação no gerenciamento de projetos. 3.4 Políticas para o uso de dispositivo móvel. 3.5 Trabalho Remoto. 4. Segurança em recursos humanos. 5. Gestão de incidentes de segurança da informação. 6. Aspectos da segurança da informação na gestão da continuidade do negócio. 7. Conformidade.",,Trilha 6 - Tarefa 14,Revisão de 24h,,,202038,202038,"0,4",4,25,SEG. INFO,SEG. INFO,,SEG. INFO,,
18/09/2020,SEG. INFO,4,"Aula 02 - Norma NBR ISO/IEC 27001:2013 e 27002/2013. Classificação e Controle de Ativos de informação, segurança de ambientes físicos e lógicos, controle de acesso. 1.3 Definição, implantação e gestão de políticas de segurança da informação e auditoria. Aquisição, desenvolvimento e manutenção de sistemas. Organização da Segurança da Informação. 3.1 Organização interna. 3.2 Responsabilidade e papéis pela segurança da informação. 3.3. Segurança da informação no gerenciamento de projetos. 3.4 Políticas para o uso de dispositivo móvel. 3.5 Trabalho Remoto. 4. Segurança em recursos humanos. 5. Gestão de incidentes de segurança da informação. 6. Aspectos da segurança da informação na gestão da continuidade do negócio. 7. Conformidade.",,Trilha 6 - Tarefa 14,Questões,,,202038,202038,"0,1",4,25,SEG. INFO,SEG. INFO,,SEG. INFO,,
18/09/2020,POR,53,PROVAS/QUESTÕES,,Trilha 6 - Tarefa 16,Questões,,,202038,202038,"0,9",4,25,POR,POR,,POR,,
21/09/2020,CGA,60,"Aula 17 - CPC 01 - 16 Redução ao valor recuperável de ativos. 16.1 Definições, identificação, reconhecimento e mensuração e divulgação.",,Trilha 6 - Tarefa 17,Questões,,,202039,202039,"1,0",4,25,CGA,CGA,,CGA,,
21/09/2020,AUD,27,Aula 01 - 2.4 Planejamento de auditoria. 4 Plano de auditoria baseado no risco. 4.1 Atividades preliminares. 4.2 Determinação de escopo. 4.9 Papéis de trabalho. 9 Documentação da auditoria.,,Trilha 6 - Tarefa 18,Questões,,,202039,202039,"0,5",4,25,AUD,AUD,,AUD,,
21/09/2020,LTM,129,"Aula 01 - Continuação do IPTU. Questões de concursos anteriores resolvidas e comentadas. ITBI. Imposto sobre Transmissão ""Inter Vivos"", a qualquer título, por ato oneroso, de bens imóveis, por natureza ou acessão física, e de direitos reais sobre imóveis, exceto os de garantia, bem como a cessão de direitos à sua aquisição. Histórico do ITBI no Brasil. Regra Matriz de Incidência: critério material (o quê?), espacial (onde?), temporal (quando?), pessoal (quem?) e quantitativo (quanto?). Regras Gerais. Arrecadação. Lançamento. Não incidência e Isenção. Obrigações Acessórias. Questões de concursos anteriores resolvidas e comentadas.",,Trilha 6 - Tarefa 19,Leitura,,,202039,202039,"2,2",4,25,LTM,LTM,,LTM,,
21/09/2020,ANAL. INFO,107,Aula 01 - Modelo de dados. Modelagem Conceitual.,,Trilha 6 - Tarefa 20,Leitura,,,202039,202039,"1,8",4,25,ANAL. INFO,ANAL. INFO,,ANAL. INFO,,
21/09/2020,ANAL. INFO,20,Aula 01 - Modelo de dados. Modelagem Conceitual.,,Trilha 6 - Tarefa 20,Questões,,,202039,202039,"0,3",4,25,ANAL. INFO,ANAL. INFO,,ANAL. INFO,,
22/09/2020,DAD,11,"Aula 05 - 5 Poderes da administração pública. 5.1 Hierárquico, disciplinar, regulamentar e de polícia. 5.2 Uso e abuso de poder.",,Trilha 6 - Tarefa 21,Questões,,,202039,202039,"0,2",4,25,DAD,DAD,,DAD,,
22/09/2020,DISC,89,Treino de Discursiva,,Simulado I - Tema 1,Questões,,,202039,202039,"1,5",4,25,DISC,DISC,,DISC,,
22/09/2020,DISC,51,Treino de Discursiva,,Simulado I - Tema 2,Questões,,,202039,202039,"0,9",4,25,DISC,DISC,,DISC,,
23/09/2020,DTRIB,20,Aula 07 - Obrigação Tributária: Principal e Acessória. Fato Gerador da Obrigação Tributária. Sujeição Ativa e Passiva. Capacidade Tributária. Solidariedade. Domicílio Tributário.,,Tarefa extra - Obrigação Tributária,Leitura,,,202039,202039,"0,3",4,25,DTRIB,DTRIB,,DTRIB,,
23/09/2020,DTRIB,24,Aula 07 - Obrigação Tributária: Principal e Acessória. Fato Gerador da Obrigação Tributária. Sujeição Ativa e Passiva. Capacidade Tributária. Solidariedade. Domicílio Tributário.,,Tarefa extra - Obrigação Tributária,Questões,,,202039,202039,"0,4",4,25,DTRIB,DTRIB,,DTRIB,,
23/09/2020,EST,70,Aula 02 - Medidas Separatrizes.,,Trilha 6 - Tarefa 22,Questões,,,202039,202039,"1,2",4,25,EST,EST,,EST,,
23/09/2020,DTRIB,22,Aula 07 - Obrigação Tributária: Principal e Acessória. Fato Gerador da Obrigação Tributária. Sujeição Ativa e Passiva. Capacidade Tributária. Solidariedade. Domicílio Tributário.,,Trilha 6 - Tarefa 23,Leitura,,,202039,202039,"0,4",4,25,DTRIB,DTRIB,,DTRIB,,
23/09/2020,DPEN,58,Aula 01 - Aplicação da Lei Penal. Lei penal no tempo. Lei penal no espaço. Disposições preliminares do CP. Frações não computáveis de pena. Conflito de leis penais. Pena cumprida no estrangeiro.,,Trilha 6 - Tarefa 24,Leitura,,,202039,202039,"1,0",4,25,DPEN,DPEN,,DPEN,,
23/09/2020,DPEN,15,Aula 01 - Aplicação da Lei Penal. Lei penal no tempo. Lei penal no espaço. Disposições preliminares do CP. Frações não computáveis de pena. Conflito de leis penais. Pena cumprida no estrangeiro.,,Trilha 6 - Tarefa 24,Questões,,,202039,202039,"0,3",4,25,DPEN,DPEN,,DPEN,,
23/09/2020,CGA,69,"Aula 07 - 14 Ativo Imobilizado. 14.1 Conceituação, classificação e conteúdos das contas. 14.2 Critérios de avaliação e mensuração do ativo imobilizado. 14.3 Depreciação, exaustão e amortização.",,Trilha 6 - Tarefa 25,Revisão de 24h,,,202039,202039,"1,2",4,25,CGA,CGA,,CGA,,
23/09/2020,ANAL. INFO,47,Aula 01 - Modelo de dados. Modelagem Conceitual.,,Trilha 6 - Tarefa 26,Revisão de 24h,,,202039,202039,"0,8",4,25,ANAL. INFO,ANAL. INFO,,ANAL. INFO,,
23/09/2020,ANAL. INFO,12,Aula 01 - Modelo de dados. Modelagem Conceitual.,,Trilha 6 - Tarefa 26,Questões,,,202039,202039,"0,2",4,25,ANAL. INFO,ANAL. INFO,,ANAL. INFO,,
24/09/2020,LTM,85,"Aula 01 - Continuação do IPTU. Questões de concursos anteriores resolvidas e comentadas. ITBI. Imposto sobre Transmissão ""Inter Vivos"", a qualquer título, por ato oneroso, de bens imóveis, por natureza ou acessão física, e de direitos reais sobre imóveis, exceto os de garantia, bem como a cessão de direitos à sua aquisição. Histórico do ITBI no Brasil. Regra Matriz de Incidência: critério material (o quê?), espacial (onde?), temporal (quando?), pessoal (quem?) e quantitativo (quanto?). Regras Gerais. Arrecadação. Lançamento. Não incidência e Isenção. Obrigações Acessórias. Questões de concursos anteriores resolvidas e comentadas.",,Trilha 6 - Tarefa 27,Leitura,,,202039,202039,"1,4",4,25,LTM,LTM,,LTM,,
24/09/2020,GEST. E GOV.,32,Aula 00 - Introdução a Gestão e Governança de TI,,Trilha 6 - Tarefa 28,Questões,,,202039,202039,"0,5",4,25,GEST. E GOV.,GEST. E GOV.,,GEST. E GOV.,,
24/09/2020,SEG. INFO,128,"Aula 02 - Norma NBR ISO/IEC 27001:2013 e 27002/2013. Classificação e Controle de Ativos de informação, segurança de ambientes físicos e lógicos, controle de acesso. 1.3 Definição, implantação e gestão de políticas de segurança da informação e auditoria. Aquisição, desenvolvimento e manutenção de sistemas. Organização da Segurança da Informação. 3.1 Organização interna. 3.2 Responsabilidade e papéis pela segurança da informação. 3.3. Segurança da informação no gerenciamento de projetos. 3.4 Políticas para o uso de dispositivo móvel. 3.5 Trabalho Remoto. 4. Segurança em recursos humanos. 5. Gestão de incidentes de segurança da informação. 6. Aspectos da segurança da informação na gestão da continuidade do negócio. 7. Conformidade.",,Trilha 6 - Tarefa 29,Leitura,,,202039,202039,"2,1",4,25,SEG. INFO,SEG. INFO,,SEG. INFO,,
24/09/2020,SEG. INFO,11,"Aula 02 - Norma NBR ISO/IEC 27001:2013 e 27002/2013. Classificação e Controle de Ativos de informação, segurança de ambientes físicos e lógicos, controle de acesso. 1.3 Definição, implantação e gestão de políticas de segurança da informação e auditoria. Aquisição, desenvolvimento e manutenção de sistemas. Organização da Segurança da Informação. 3.1 Organização interna. 3.2 Responsabilidade e papéis pela segurança da informação. 3.3. Segurança da informação no gerenciamento de projetos. 3.4 Políticas para o uso de dispositivo móvel. 3.5 Trabalho Remoto. 4. Segurança em recursos humanos. 5. Gestão de incidentes de segurança da informação. 6. Aspectos da segurança da informação na gestão da continuidade do negócio. 7. Conformidade.",,Trilha 6 - Tarefa 29,Questões,,,202039,202039,"0,2",4,25,SEG. INFO,SEG. INFO,,SEG. INFO,,
24/09/2020,FISC. CONT.,43,REVISÃO,,Trilha 6 - Tarefa 31 - Artigo IN1,Leitura,,,202039,202039,"0,7",4,25,FISC. CONT.,FISC. CONT.,,FISC. CONT.,,
25/09/2020,DCO,25,Aula 06 - Da Administração Pública.,,Trilha 6 - Tarefa 32,Revisão de 24h,,,202039,202039,"0,4",4,25,DCO,DCO,,DCO,,
25/09/2020,DCO,16,Aula 06 - Da Administração Pública.,,Trilha 6 - Tarefa 32,Questões,,,202039,202039,"0,3",4,25,DCO,DCO,,DCO,,
25/09/2020,CGA,73,"Aula 17 - CPC 01 - 16 Redução ao valor recuperável de ativos. 16.1 Definições, identificação, reconhecimento e mensuração e divulgação.",,Trilha 6 - Tarefa 33,Questões,,,202039,202039,"1,2",4,25,CGA,CGA,,CGA,,
25/09/2020,AUD,28,Aula 01 - 2.4 Planejamento de auditoria. 4 Plano de auditoria baseado no risco. 4.1 Atividades preliminares. 4.2 Determinação de escopo. 4.9 Papéis de trabalho. 9 Documentação da auditoria.,,Trilha 6 - Tarefa 34,Questões,,,202039,202039,"0,5",4,25,AUD,AUD,,AUD,,
25/09/2020,DTRIB,17,Aula 01 - Limitações ao Poder de Tributar (Princípios Tributários).,,Trilha 6 - Tarefa 35,Revisão de 24h,,,202039,202039,"0,3",4,25,DTRIB,DTRIB,,DTRIB,,
25/09/2020,DTRIB,11,Aula 01 - Limitações ao Poder de Tributar (Princípios Tributários).,,Trilha 6 - Tarefa 35,Questões,,,202039,202039,"0,2",4,25,DTRIB,DTRIB,,DTRIB,,
25/09/2020,DPEN,41,Aula 01 - Aplicação da Lei Penal. Lei penal no tempo. Lei penal no espaço. Disposições preliminares do CP. Frações não computáveis de pena. Conflito de leis penais. Pena cumprida no estrangeiro.,,Trilha 6 - Tarefa 36,Questões,,,202039,202039,"0,7",4,25,DPEN,DPEN,,DPEN,,
25/09/2020,GEST. E GOV.,17,Aula 00 - Introdução a Gestão e Governança de TI,,Trilha 6 - Tarefa 37,Questões,,,202039,202039,"0,3",4,25,GEST. E GOV.,GEST. E GOV.,,GEST. E GOV.,,
26/09/2020,CCUST,98,Aula 00 - Terminologia e Noções básicas de custos,,Trilha 6 - Tarefa Extra 01,Leitura,,,202039,202039,"1,6",4,25,CCUST,CCUST,,CCUST,,
27/09/2020,CCUST,39,Aula 00 - Terminologia e Noções básicas de custos,,Trilha 6 - Tarefa Extra 02,Revisão de 24h,,,202039,202039,"0,7",4,25,CCUST,CCUST,,CCUST,,
28/09/2020,CGA,18,"Aula 08 - 17 Passivo exigível. 17.1 Conceitos gerais, avaliação, reconhecimento, mensuração e conteúdo do passivo. 18 Fornecedores, obrigações fiscais e outras obrigações. 20 Provisões, passivos contingentes e ativos contingentes.",,Trilha 7 - Tarefa 01,Revisão de 24h,,,202040,202040,"0,3",4,25,CGA,CGA,,CGA,,
28/09/2020,CGA,34,"Aula 08 - 17 Passivo exigível. 17.1 Conceitos gerais, avaliação, reconhecimento, mensuração e conteúdo do passivo. 18 Fornecedores, obrigações fiscais e outras obrigações. 20 Provisões, passivos contingentes e ativos contingentes.",,Trilha 7 - Tarefa 01,Questões,,,202040,202040,"0,6",4,25,CGA,CGA,,CGA,,
28/09/2020,LTM,36,"Aula 01 - Continuação do IPTU. Questões de concursos anteriores resolvidas e comentadas. ITBI. Imposto sobre Transmissão ""Inter Vivos"", a qualquer título, por ato oneroso, de bens imóveis, por natureza ou acessão física, e de direitos reais sobre imóveis, exceto os de garantia, bem como a cessão de direitos à sua aquisição. Histórico do ITBI no Brasil. Regra Matriz de Incidência: critério material (o quê?), espacial (onde?), temporal (quando?), pessoal (quem?) e quantitativo (quanto?). Regras Gerais. Arrecadação. Lançamento. Não incidência e Isenção. Obrigações Acessórias. Questões de concursos anteriores resolvidas e comentadas.",,Trilha 7 - Tarefa 02,Questões,,,202040,202040,"0,6",4,25,LTM,LTM,,LTM,,
29/09/2020,AUD,58,"Aula 02 - 4.3 Materialidades, risco e relevância. 4.5 Risco inerente, de controle e de detecção. 4.6 Risco de auditoria.",,Trilha 7 - Tarefa 03,Leitura,,,202040,202040,"1,0",4,25,AUD,AUD,,AUD,,
29/09/2020,AUD,8,"Aula 02 - 4.3 Materialidades, risco e relevância. 4.5 Risco inerente, de controle e de detecção. 4.6 Risco de auditoria.",,Trilha 7 - Tarefa 03,Questões,,,202040,202040,"0,1",4,25,AUD,AUD,,AUD,,
29/09/2020,ANAL. INFO,45,"Aula 02 - Banco de dados relacionais: conceitos básicos e características. Metadados. Tabelas, visões (views) e índices. Chaves e relacionamentos",,Trilha 7 - Tarefa 04,Leitura,,,202040,202040,"0,8",4,25,ANAL. INFO,ANAL. INFO,,ANAL. INFO,,
29/09/2020,DPEN,75,Aula 02 - Do crime (parte I): conceito de crime. Fato típico. Dolo e culpa. Consumação e tentativa. Ilicitude.,,Trilha 7 - Tarefa 05,Leitura,,,202040,202040,"1,3",4,25,DPEN,DPEN,,DPEN,,
29/09/2020,DTRIB,13,Aula 02 - Limitações ao Poder de Tributar (Imunidades Tributárias).,,Trilha 7 - Tarefa 06,Revisão de 24h,,,202040,202040,"0,2",4,25,DTRIB,DTRIB,,DTRIB,,
29/09/2020,DTRIB,7,Aula 02 - Limitações ao Poder de Tributar (Imunidades Tributárias).,,Trilha 7 - Tarefa 06,Questões,,,202040,202040,"0,1",4,25,DTRIB,DTRIB,,DTRIB,,
30/09/2020,GEST. E GOV.,60,Aula 01 - COBIT 5,,Trilha 7 - Tarefa 07,Leitura,,,202040,202040,"1,0",4,25,GEST. E GOV.,GEST. E GOV.,,GEST. E GOV.,,
01/10/2020,GEST. E GOV.,72,Aula 01 - COBIT 5,,Trilha 7 - Tarefa 07,Leitura,,,202040,202040,"1,2",4,25,GEST. E GOV.,GEST. E GOV.,,GEST. E GOV.,,
01/10/2020,CGA,21,"Aula 19 - CPC 25 - 20 Provisões, passivos contingentes e ativos contingentes.",,Trilha 7 - Tarefa 08,Leitura,,,202040,202040,"0,4",4,25,CGA,CGA,,CGA,,
01/10/2020,CGA,35,"Aula 19 - CPC 25 - 20 Provisões, passivos contingentes e ativos contingentes.",,Trilha 7 - Tarefa 08,Questões,,,202040,202040,"0,6",4,25,CGA,CGA,,CGA,,
01/10/2020,LTM,78,PROVAS/QUESTÕES,,Trilha 7 - Tarefa 09,Questões,,,202040,202040,"1,3",4,25,LTM,LTM,,LTM,,
01/10/2020,LTM,25,REVISÃO,,Trilha 7 - Tarefa 09,Revisão de 24h,,,202040,202040,"0,4",4,25,LTM,LTM,,LTM,,
02/10/2020,DISC,60,Treino de Discursiva,,Teoria de discursiva,Leitura,,,202040,202040,"1,0",4,25,DISC,DISC,,DISC,,
02/10/2020,DISC,66,Treino de Discursiva,,Exercício 4 - Curso Vandinara,Questões,,,202040,202040,"1,1",4,25,DISC,DISC,,DISC,,
02/10/2020,AUD,46,"Aula 02 - 4.3 Materialidades, risco e relevância. 4.5 Risco inerente, de controle e de detecção. 4.6 Risco de auditoria.",,Trilha 7 - Tarefa 10,Leitura,,,202040,202040,"0,8",4,25,AUD,AUD,,AUD,,
02/10/2020,AUD,8,"Aula 02 - 4.3 Materialidades, risco e relevância. 4.5 Risco inerente, de controle e de detecção. 4.6 Risco de auditoria.",,Trilha 7 - Tarefa 10,Questões,,,202040,202040,"0,1",4,25,AUD,AUD,,AUD,,
03/10/2020,ANAL. INFO,63,"Aula 02 - Banco de dados relacionais: conceitos básicos e características. Metadados. Tabelas, visões (views) e índices. Chaves e relacionamentos",,Trilha 7 - Tarefa 11,Leitura,,,202040,202040,"1,1",4,25,ANAL. INFO,ANAL. INFO,,ANAL. INFO,,
03/10/2020,ANAL. INFO,23,"Aula 02 - Banco de dados relacionais: conceitos básicos e características. Metadados. Tabelas, visões (views) e índices. Chaves e relacionamentos",,Trilha 7 - Tarefa 11,Questões,,,202040,202040,"0,4",4,25,ANAL. INFO,ANAL. INFO,,ANAL. INFO,,
03/10/2020,DAD,27,Aula 14 - 7 Responsabilidade civil do Estado. 7.1 Evolução histórica. 7.2 Responsabilidade por ato comissivo do Estado. 7.3 Responsabilidade por omissão do Estado. 7.4 Requisitos para a demonstração da responsabilidade do Estado. 7.5 Causas excludentes e atenuantes da responsabilidade do Estado. 7.6 Reparação do dano. 7.7 Direito de regresso.,,Trilha 7 - Tarefa 12,Questões,,,202040,202040,"0,5",4,25,DAD,DAD,,DAD,,
05/10/2020,DPEN,83,Aula 02 - Do crime (parte I): conceito de crime. Fato típico. Dolo e culpa. Consumação e tentativa. Ilicitude.,,Trilha 7 - Tarefa 13,Leitura,,,202041,202041,"1,4",4,25,DPEN,DPEN,,DPEN,,
05/10/2020,DTRIB,29,"Aula 00 - Conceito, Espécies e Classificação dos Tributos.",,Trilha 7 - Tarefa 14,Questões,,,202041,202041,"0,5",4,25,DTRIB,DTRIB,,DTRIB,,
05/10/2020,CGA,64,"Aula 19 - CPC 25 - 20 Provisões, passivos contingentes e ativos contingentes.",,Trilha 7 - Tarefa 15,Questões,,,202041,202041,"1,1",4,25,CGA,CGA,,CGA,,
05/10/2020,LTM,94,"Aula 03 - ISS. Imposto Sobre Serviços de Qualquer Natureza. Histórico da tributação do ISS no Brasil. Regra Matriz de Incidência: critério material (o quê?), espacial (onde?), temporal (quando?), pessoal (quem?) e quantitativo (quanto?). Cadastro Fiscal. Arrecadação. Lançamento. Isenções. Obrigações Acessórias. Questões de concursos anteriores resolvidas e comentadas.",,Trilha 7 - Tarefa 16,Leitura,,,202041,202041,"1,6",4,25,LTM,LTM,,LTM,,
05/10/2020,AUD,41,"Aula 02 - 4.3 Materialidades, risco e relevância. 4.5 Risco inerente, de controle e de detecção. 4.6 Risco de auditoria.",,Trilha 7 - Tarefa 17,Questões,,,202041,202041,"0,7",4,25,AUD,AUD,,AUD,,
05/10/2020,ANAL. INFO,40,"Aula 02 - Banco de dados relacionais: conceitos básicos e características. Metadados. Tabelas, visões (views) e índices. Chaves e relacionamentos",,Trilha 7 - Tarefa 18,Revisão de 24h,,,202041,202041,"0,7",4,25,ANAL. INFO,ANAL. INFO,,ANAL. INFO,,
05/10/2020,ANAL. INFO,6,"Aula 02 - Banco de dados relacionais: conceitos básicos e características. Metadados. Tabelas, visões (views) e índices. Chaves e relacionamentos",,Trilha 7 - Tarefa 18,Questões,,,202041,202041,"0,1",4,25,ANAL. INFO,ANAL. INFO,,ANAL. INFO,,
05/10/2020,EST,52,Aula 03 - Moda,,Trilha 7 - Tarefa 19,Questões,,,202041,202041,"0,9",4,25,EST,EST,,EST,,
05/10/2020,DCO,10,Aula 07 - Poder Executivo.,,Trilha 7 - Tarefa 20,Questões,,,202041,202041,"0,2",4,25,DCO,DCO,,DCO,,
06/10/2020,GEST. E GOV.,96,Aula 01 - COBIT 5,,Trilha 7 - Tarefa 21,Leitura,,,202041,202041,"1,6",4,25,GEST. E GOV.,GEST. E GOV.,,GEST. E GOV.,,
06/10/2020,CGA,10,Aula 16 - 4 Estrutura Conceitual para Elaboração e Divulgação de Relatório Contábil-Financeiro.,,Trilha 7 - Tarefa 22,Questões,,,202041,202041,"0,2",4,25,CGA,CGA,,CGA,,
06/10/2020,DISC,22,Treino de Discursiva,,Trilha 7 - Tarefa 23,Leitura,,,202041,202041,"0,4",4,25,DISC,DISC,,DISC,,
06/10/2020,AUD,112,Aula 03 - 4.11 Importâncias da amostragem estatística em auditoria. 10 Supervisão e controle de qualidade. 8 Monitoramento.,,Trilha 7 - Tarefa 24,Leitura,,,202041,202041,"1,9",4,25,AUD,AUD,,AUD,,
07/10/2020,ANAL. INFO,60,Aula 03 - Noções de modelagem dimensional: conceito e aplicações.,,Trilha 7 - Tarefa 25,Leitura,,,202041,202041,"1,0",4,25,ANAL. INFO,ANAL. INFO,,ANAL. INFO,,
09/10/2020,DPEN,54,Aula 02 - Do crime (parte I): conceito de crime. Fato típico. Dolo e culpa. Consumação e tentativa. Ilicitude.,,Trilha 7 - Tarefa 26,Questões,,,202041,202041,"0,9",4,25,DPEN,DPEN,,DPEN,,
09/10/2020,MAT FIN,78,Aula 04 - Desconto Simples,,Trilha 7 - Tarefa 27,Revisão de 24h,,,202041,202041,"1,3",4,25,MAT FIN,MAT FIN,,MAT FIN,,
09/10/2020,SEG. INFO,45,Aula 03 - 8. Gestão de Riscos e Continuidade de Negócio. 8.1 Normas NBR ISO/IEC 27005:2011,,Trilha 7 - Tarefa 28,Leitura,,,202041,202041,"0,8",4,25,SEG. INFO,SEG. INFO,,SEG. INFO,,
09/10/2020,SEG. INFO,33,Aula 03 - 8. Gestão de Riscos e Continuidade de Negócio. 8.1 Normas NBR ISO/IEC 27005:2011,,Trilha 7 - Tarefa 28,Questões,,,202041,202041,"0,6",4,25,SEG. INFO,SEG. INFO,,SEG. INFO,,
10/10/2020,CGA,21,Aula 16 - 4 Estrutura Conceitual para Elaboração e Divulgação de Relatório Contábil-Financeiro.,,Trilha 7 - Tarefa 29,Questões,,,202041,202041,"0,4",4,25,CGA,CGA,,CGA,,
11/10/2020,LTM,90,"Aula 03 - ISS. Imposto Sobre Serviços de Qualquer Natureza. Histórico da tributação do ISS no Brasil. Regra Matriz de Incidência: critério material (o quê?), espacial (onde?), temporal (quando?), pessoal (quem?) e quantitativo (quanto?). Cadastro Fiscal. Arrecadação. Lançamento. Isenções. Obrigações Acessórias. Questões de concursos anteriores resolvidas e comentadas.",,Trilha 7 - Tarefa 30,Leitura,,,202041,202041,"1,5",4,25,LTM,LTM,,LTM,,
11/10/2020,DAD,40,"Aula 11 - 8 Serviços públicos. 8.1 Conceito. 8.2 Elementos constitutivos. 8.3 Formas de prestação e meios de execução. 8.4 Delegação. 8.4.1 Concessão, permissão e autorização. 8.5 Classificação. 8.6 Princípios.",,Trilha 7 - Tarefa 31,Questões,,,202041,202041,"0,7",4,25,DAD,DAD,,DAD,,
12/10/2020,POR,84,PROVAS/QUESTÕES,,Trilha 7 - Tarefa 32,Questões,,,202042,202042,"1,4",4,25,POR,POR,,POR,,
12/10/2020,DTRIB,60,Aula 03 - Competência Tributária. Impostos de Competência da União,,Trilha 7 - Tarefa 33,Revisão de 24h,,,202042,202042,"1,0",4,25,DTRIB,DTRIB,,DTRIB,,
12/10/2020,DTRIB,10,Aula 03 - Competência Tributária. Impostos de Competência da União,,Trilha 7 - Tarefa 33,Questões,,,202042,202042,"0,2",4,25,DTRIB,DTRIB,,DTRIB,,
12/10/2020,GEST. E GOV.,75,Aula 01 - COBIT 5,,Trilha 7 - Tarefa 34,Revisão de 24h,,,202042,202042,"1,3",4,25,GEST. E GOV.,GEST. E GOV.,,GEST. E GOV.,,
12/10/2020,GEST. E GOV.,25,Aula 01 - COBIT 5,,Trilha 7 - Tarefa 34,Questões,,,202042,202042,"0,4",4,25,GEST. E GOV.,GEST. E GOV.,,GEST. E GOV.,,
14/10/2020,LTM,100,"Aula 03 - ISS. Imposto Sobre Serviços de Qualquer Natureza. Histórico da tributação do ISS no Brasil. Regra Matriz de Incidência: critério material (o quê?), espacial (onde?), temporal (quando?), pessoal (quem?) e quantitativo (quanto?). Cadastro Fiscal. Arrecadação. Lançamento. Isenções. Obrigações Acessórias. Questões de concursos anteriores resolvidas e comentadas.",,Trilha 8 - Tarefa 01,Leitura,,,202042,202042,"1,7",4,25,LTM,LTM,,LTM,,
14/10/2020,ANAL. INFO,23,Aula 03 - Noções de modelagem dimensional: conceito e aplicações.,,Trilha 8 - Tarefa 02,Leitura,,,202042,202042,"0,4",4,25,ANAL. INFO,ANAL. INFO,,ANAL. INFO,,
14/10/2020,ANAL. INFO,19,Aula 03 - Noções de modelagem dimensional: conceito e aplicações.,,Trilha 8 - Tarefa 02,Questões,,,202042,202042,"0,3",4,25,ANAL. INFO,ANAL. INFO,,ANAL. INFO,,
14/10/2020,CGA,26,Aula 12 - 3.3 Demonstração do resultado do exercício. 3.7 Demonstração do Resultado Abrangente. 26 Receitas de vendas de produtos e serviços. 26.1 Conceitos e mensuração da receita e o momento de seu reconhecimento. 26.2 Deduções das vendas. 27 Custo das mercadorias e dos produtos vendidos e dos serviços prestados. 28 Despesas e outros resultados das operações continuadas.,,Trilha 8 - Tarefa 03,Revisão de 24h,,,202042,202042,"0,4",4,25,CGA,CGA,,CGA,,
14/10/2020,CGA,80,Aula 12 - 3.3 Demonstração do resultado do exercício. 3.7 Demonstração do Resultado Abrangente. 26 Receitas de vendas de produtos e serviços. 26.1 Conceitos e mensuração da receita e o momento de seu reconhecimento. 26.2 Deduções das vendas. 27 Custo das mercadorias e dos produtos vendidos e dos serviços prestados. 28 Despesas e outros resultados das operações continuadas.,,Trilha 8 - Tarefa 03,Questões,,,202042,202042,"1,3",4,25,CGA,CGA,,CGA,,
15/10/2020,DISC,100,Treino de Discursiva,,Discursiva - Curso Vandinara,Leitura,,,202042,202042,"1,7",4,25,DISC,DISC,,DISC,,
15/10/2020,AUD,63,Aula 03 - 4.11 Importâncias da amostragem estatística em auditoria. 10 Supervisão e controle de qualidade. 8 Monitoramento.,,Trilha 8 - Tarefa 04,Leitura,,,202042,202042,"1,1",4,25,AUD,AUD,,AUD,,
15/10/2020,AUD,18,Aula 03 - 4.11 Importâncias da amostragem estatística em auditoria. 10 Supervisão e controle de qualidade. 8 Monitoramento.,,Trilha 8 - Tarefa 04,Questões,,,202042,202042,"0,3",4,25,AUD,AUD,,AUD,,
17/10/2020,POR,56,PROVAS/QUESTÕES,,Trilha 8 - Tarefa 05,Questões,,,202042,202042,"0,9",4,25,POR,POR,,POR,,
18/10/2020,DTRIB,35,Aula 06 - Legislação Tributária. Vigência da Legislação Tributária. Aplicação da Legislação Tributária. Interpretação e Integração da Legislação Tributária.,,Trilha 8 - Tarefa 06,Revisão 1 semana,,,202042,202042,"0,6",4,25,DTRIB,DTRIB,,DTRIB,,
18/10/2020,DTRIB,25,Aula 06 - Legislação Tributária. Vigência da Legislação Tributária. Aplicação da Legislação Tributária. Interpretação e Integração da Legislação Tributária.,,Trilha 8 - Tarefa 06,Questões,,,202042,202042,"0,4",4,25,DTRIB,DTRIB,,DTRIB,,
18/10/2020,DISC,93,Treino de Discursiva,,Discursiva - Curso Vandinara,Questões,,,202042,202042,"1,6",4,25,DISC,DISC,,DISC,,
19/10/2020,LTM,75,"Aula 03 - ISS. Imposto Sobre Serviços de Qualquer Natureza. Histórico da tributação do ISS no Brasil. Regra Matriz de Incidência: critério material (o quê?), espacial (onde?), temporal (quando?), pessoal (quem?) e quantitativo (quanto?). Cadastro Fiscal. Arrecadação. Lançamento. Isenções. Obrigações Acessórias. Questões de concursos anteriores resolvidas e comentadas.",,Trilha 8 - Tarefa 07,Leitura,,,202043,202043,"1,3",4,25,LTM,LTM,,LTM,,
19/10/2020,ANAL. INFO,82,Aula 03 - Noções de modelagem dimensional: conceito e aplicações.,,Trilha 8 - Tarefa 08,Leitura,,,202043,202043,"1,4",4,25,ANAL. INFO,ANAL. INFO,,ANAL. INFO,,
19/10/2020,ANAL. INFO,52,Aula 03 - Noções de modelagem dimensional: conceito e aplicações.,,Trilha 8 - Tarefa 08,Questões,,,202043,202043,"0,9",4,25,ANAL. INFO,ANAL. INFO,,ANAL. INFO,,
20/10/2020,CGA,129,Aula 12 - 3.3 Demonstração do resultado do exercício. 3.7 Demonstração do Resultado Abrangente. 26 Receitas de vendas de produtos e serviços. 26.1 Conceitos e mensuração da receita e o momento de seu reconhecimento. 26.2 Deduções das vendas. 27 Custo das mercadorias e dos produtos vendidos e dos serviços prestados. 28 Despesas e outros resultados das operações continuadas.,,Trilha 8 - Tarefa 09,Questões,,,202043,202043,"2,2",4,25,CGA,CGA,,CGA,,
20/10/2020,DPEN,113,Aula 03 - Do crime (parte II): Culpabilidade. Imputabilidade penal.,,Trilha 8 - Tarefa 10,Leitura,,,202043,202043,"1,9",4,25,DPEN,DPEN,,DPEN,,
20/10/2020,GEST. E GOV.,102,Aula 02 - PMBOK 6 - Parte I,,Trilha 8 - Tarefa 11,Leitura,,,202043,202043,"1,7",4,25,GEST. E GOV.,GEST. E GOV.,,GEST. E GOV.,,
20/10/2020,DCO,52,Aula 08 – Poder Judiciário,,Trilha 8 - Tarefa 12,Revisão de 24h,,,202043,202043,"0,9",4,25,DCO,DCO,,DCO,,
20/10/2020,DCO,35,Aula 08 – Poder Judiciário,,Trilha 8 - Tarefa 12,Questões,,,202043,202043,"0,6",4,25,DCO,DCO,,DCO,,
20/10/2020,LTM,82,"Aula 03 - ISS. Imposto Sobre Serviços de Qualquer Natureza. Histórico da tributação do ISS no Brasil. Regra Matriz de Incidência: critério material (o quê?), espacial (onde?), temporal (quando?), pessoal (quem?) e quantitativo (quanto?). Cadastro Fiscal. Arrecadação. Lançamento. Isenções. Obrigações Acessórias. Questões de concursos anteriores resolvidas e comentadas.",,Trilha 8 - Tarefa 13,Leitura,,,202043,202043,"1,4",4,25,LTM,LTM,,LTM,,
21/10/2020,ANAL. INFO,164,"Aula 04 - Ferramentas ETL. Coleta, tratamento, armazenamento, integração e recuperação de dados.",,Trilha 8 - Tarefa 14,Leitura,,,202043,202043,"2,7",4,25,ANAL. INFO,ANAL. INFO,,ANAL. INFO,,
21/10/2020,ANAL. INFO,20,"Aula 04 - Ferramentas ETL. Coleta, tratamento, armazenamento, integração e recuperação de dados.",,Trilha 8 - Tarefa 14,Questões,,,202043,202043,"0,3",4,25,ANAL. INFO,ANAL. INFO,,ANAL. INFO,,
21/10/2020,AUD,34,Aula 03 - 4.11 Importâncias da amostragem estatística em auditoria. 10 Supervisão e controle de qualidade. 8 Monitoramento.,,Trilha 8 - Tarefa 15,Questões,,,202043,202043,"0,6",4,25,AUD,AUD,,AUD,,
21/10/2020,EST,90,Aula 04 - Medidas de Dispersão,,Trilha 8 - Tarefa 16,Revisão 1 semana,,,202043,202043,"1,5",4,25,EST,EST,,EST,,
22/10/2020,EST,98,Aula 04 - Medidas de Dispersão,,Trilha 8 - Tarefa 16,Questões,,,202043,202043,"1,6",4,25,EST,EST,,EST,,
22/10/2020,DTRIB,25,"Aula 12 - Garantias e Privilégios do Crédito Tributário. Administração Tributária: Fiscalização, Dívida Ativa e Certidões Negativas. Disposições Finais e Transitórias.",,Trilha 8 - Tarefa 17,Revisão 1 semana,,,202043,202043,"0,4",4,25,DTRIB,DTRIB,,DTRIB,,
22/10/2020,DTRIB,41,"Aula 12 - Garantias e Privilégios do Crédito Tributário. Administração Tributária: Fiscalização, Dívida Ativa e Certidões Negativas. Disposições Finais e Transitórias.",,Reforço - Feedback,Questões,,,202043,202043,"0,7",4,25,DTRIB,DTRIB,,DTRIB,,
22/10/2020,DTRIB,10,"Aula 12 - Garantias e Privilégios do Crédito Tributário. Administração Tributária: Fiscalização, Dívida Ativa e Certidões Negativas. Disposições Finais e Transitórias.",,Trilha 8 - Tarefa 17,Questões,,,202043,202043,"0,2",4,25,DTRIB,DTRIB,,DTRIB,,
22/10/2020,LTM,59,"Aula 03 - ISS. Imposto Sobre Serviços de Qualquer Natureza. Histórico da tributação do ISS no Brasil. Regra Matriz de Incidência: critério material (o quê?), espacial (onde?), temporal (quando?), pessoal (quem?) e quantitativo (quanto?). Cadastro Fiscal. Arrecadação. Lançamento. Isenções. Obrigações Acessórias. Questões de concursos anteriores resolvidas e comentadas.",,Trilha 8 - Tarefa 19,Questões,,,202043,202043,"1,0",4,25,LTM,LTM,,LTM,,
22/10/2020,CGA,17,Aula 15 - 3.1 Demonstração dos fluxos de caixa (métodos direto e indireto).,,Trilha 8 - Tarefa 20,Revisão 1 semana,,,202043,202043,"0,3",4,25,CGA,CGA,,CGA,,
22/10/2020,CGA,52,Aula 15 - 3.1 Demonstração dos fluxos de caixa (métodos direto e indireto).,,Trilha 8 - Tarefa 20,Questões,,,202043,202043,"0,9",4,25,CGA,CGA,,CGA,,
23/10/2020,AUD,57,Aula 03 - 4.11 Importâncias da amostragem estatística em auditoria. 10 Supervisão e controle de qualidade. 8 Monitoramento.,,Trilha 8 - Tarefa 21,Questões,,,202043,202043,"1,0",4,25,AUD,AUD,,AUD,,
23/10/2020,DPEN,18,Aula 03 - Do crime (parte II): Culpabilidade. Imputabilidade penal.,,Trilha 8 - Tarefa 22,Revisão 1 semana,,,202043,202043,"0,3",4,25,DPEN,DPEN,,DPEN,,
23/10/2020,DPEN,62,Aula 03 - Do crime (parte II): Culpabilidade. Imputabilidade penal.,,Trilha 8 - Tarefa 22,Questões,,,202043,202043,"1,0",4,25,DPEN,DPEN,,DPEN,,
23/10/2020,GEST. E GOV.,49,Aula 02 - PMBOK 6 - Parte I,,Trilha 8 - Tarefa 23,Leitura,,,202043,202043,"0,8",4,25,GEST. E GOV.,GEST. E GOV.,,GEST. E GOV.,,
23/10/2020,GEST. E GOV.,38,Aula 03 - PMBOK 6 - Parte II,,Trilha 8 - Tarefa 23,Leitura,,,202043,202043,"0,6",4,25,GEST. E GOV.,GEST. E GOV.,,GEST. E GOV.,,
23/10/2020,DAD,37,Aula 00 - 6 Regime jurídico-administrativo. 6.1 Conceito. 6.2 Princípios expressos e implícitos da administração pública.,,Trilha 8 - Tarefa 24,Questões,,,202043,202043,"0,6",4,25,DAD,DAD,,DAD,,
23/10/2020,LTM,37,Aula 04 - Simulado com questões da Legislação Tributária Municipal atinente ao ISS,,Trilha 8 - Tarefa 25,Questões,,,202043,202043,"0,6",4,25,LTM,LTM,,LTM,,
24/10/2020,ANAL. INFO,27,Aula 03 - Noções de modelagem dimensional: conceito e aplicações.,,Trilha 8 - Tarefa 26,Revisão de 24h,,,202043,202043,"0,5",4,25,ANAL. INFO,ANAL. INFO,,ANAL. INFO,,
24/10/2020,ANAL. INFO,74,Aula 03 - Noções de modelagem dimensional: conceito e aplicações.,,Trilha 8 - Tarefa 26,Questões,,,202043,202043,"1,2",4,25,ANAL. INFO,ANAL. INFO,,ANAL. INFO,,
24/10/2020,ANAL. INFO,22,"Aula 04 - Ferramentas ETL. Coleta, tratamento, armazenamento, integração e recuperação de dados.",,Trilha 8 - Tarefa 27,Revisão de 24h,,,202043,202043,"0,4",4,25,ANAL. INFO,ANAL. INFO,,ANAL. INFO,,
24/10/2020,ANAL. INFO,14,"Aula 04 - Ferramentas ETL. Coleta, tratamento, armazenamento, integração e recuperação de dados.",,Trilha 8 - Tarefa 27,Questões,,,202043,202043,"0,2",4,25,ANAL. INFO,ANAL. INFO,,ANAL. INFO,,
24/10/2020,CGA,33,Aula 15 - 3.1 Demonstração dos fluxos de caixa (métodos direto e indireto).,,Trilha 8 - Tarefa 28,Questões,,,202043,202043,"0,6",4,25,CGA,CGA,,CGA,,
25/10/2020,FISC. CONT.,45,Aula 02 - Contratação de soluções de Tecnologia da Informação: Instrução normativa (IN 01/2019) - Parte I,,Trilha 8 - Tarefa 30,Leitura,,,202043,202043,"0,8",4,25,FISC. CONT.,FISC. CONT.,,FISC. CONT.,,
25/10/2020,LTM,80,"Aula 05 - Taxas. Taxas Decorrentes do Efetivo Exercício do Poder de Polícia Administrativa e Taxas Decorrentes de Serviços Públicos. Regra Matriz de Incidência: critério material (o quê?), espacial (onde?), temporal (quando?), pessoal (quem?) e quantitativo (quanto?). Arrecadação. Lançamento. Isenções e Descontos. Regras Gerais. Questões de concursos anteriores resolvidas e comentadas.",,Trilha 8 - Tarefa 31,Leitura,,,202043,202043,"1,3",4,25,LTM,LTM,,LTM,,
26/10/2020,AUD,18,Aula 01 - 2.4 Planejamento de auditoria. 4 Plano de auditoria baseado no risco. 4.1 Atividades preliminares. 4.2 Determinação de escopo. 4.9 Papéis de trabalho. 9 Documentação da auditoria.,,Trilha 8 - Tarefa 32,Questões,,,202044,202044,"0,3",4,25,AUD,AUD,,AUD,,
26/10/2020,AUD,32,"Aula 02 - 4.3 Materialidades, risco e relevância. 4.5 Risco inerente, de controle e de detecção. 4.6 Risco de auditoria.",,Trilha 8 - Tarefa 32,Questões,,,202044,202044,"0,5",4,25,AUD,AUD,,AUD,,
26/10/2020,AUD,34,Aula 03 - 4.11 Importâncias da amostragem estatística em auditoria. 10 Supervisão e controle de qualidade. 8 Monitoramento.,,Trilha 8 - Tarefa 32,Questões,,,202044,202044,"0,6",4,25,AUD,AUD,,AUD,,
26/10/2020,SEG. INFO,28,Aula 03 - 8. Gestão de Riscos e Continuidade de Negócio. 8.1 Normas NBR ISO/IEC 27005:2011,,Trilha 8 - Tarefa 33,Revisão 1 semana,,,202044,202044,"0,5",4,25,SEG. INFO,SEG. INFO,,SEG. INFO,,
26/10/2020,SEG. INFO,11,Aula 03 - 8. Gestão de Riscos e Continuidade de Negócio. 8.1 Normas NBR ISO/IEC 27005:2011,,Trilha 8 - Tarefa 33,Questões,,,202044,202044,"0,2",4,25,SEG. INFO,SEG. INFO,,SEG. INFO,,
26/10/2020,DTRIB,32,Aula 04 - Impostos de Competência dos Estados.,,Trilha 8 - Tarefa 34,Questões,,,202044,202044,"0,5",4,25,DTRIB,DTRIB,,DTRIB,,
26/10/2020,GEST. E GOV.,87,Aula 03 - PMBOK 6 - Parte II,,Trilha 8 - Tarefa 35,Leitura,,,202044,202044,"1,5",4,25,GEST. E GOV.,GEST. E GOV.,,GEST. E GOV.,,
26/10/2020,FISC. CONT.,33,Aula 02 - Contratação de soluções de Tecnologia da Informação: Instrução normativa (IN 01/2019) - Parte I,,Trilha 8 - Tarefa 37,Revisão 1 semana,,,202044,202044,"0,6",4,25,FISC. CONT.,FISC. CONT.,,FISC. CONT.,,
26/10/2020,FISC. CONT.,5,Aula 02 - Contratação de soluções de Tecnologia da Informação: Instrução normativa (IN 01/2019) - Parte I,,Trilha 8 - Tarefa 37,Questões,,,202044,202044,"0,1",4,25,FISC. CONT.,FISC. CONT.,,FISC. CONT.,,
27/10/2020,LTM,114,"Aula 05 - Taxas. Taxas Decorrentes do Efetivo Exercício do Poder de Polícia Administrativa e Taxas Decorrentes de Serviços Públicos. Regra Matriz de Incidência: critério material (o quê?), espacial (onde?), temporal (quando?), pessoal (quem?) e quantitativo (quanto?). Arrecadação. Lançamento. Isenções e Descontos. Regras Gerais. Questões de concursos anteriores resolvidas e comentadas.",,Trilha 9 - Tarefa 01,Leitura,,,202044,202044,"1,9",4,25,LTM,LTM,,LTM,,
27/10/2020,CGA,30,Aula 13 - 3.5 Demonstração das Mutações do Patrimônio Líquido. 3.6 Demonstração de Lucros ou Prejuízos Acumulados.,,Trilha 9 - Tarefa 02,Revisão 1 semana,,,202044,202044,"0,5",4,25,CGA,CGA,,CGA,,
27/10/2020,CGA,42,Aula 13 - 3.5 Demonstração das Mutações do Patrimônio Líquido. 3.6 Demonstração de Lucros ou Prejuízos Acumulados.,,Trilha 9 - Tarefa 02,Questões,,,202044,202044,"0,7",4,25,CGA,CGA,,CGA,,
27/10/2020,POR,70,PROVAS/QUESTÕES,,Trilha 9 - Tarefa 03,Questões,,,202044,202044,"1,2",4,25,POR,POR,,POR,,
27/10/2020,AUD,25,"Aula 04 - 4.10 Testes de auditoria. 5 Execução da auditoria. 5.1 Técnicas e procedimentos. 5.1.1 Exame documental, inspeção física, conferência de cálculos, observação, entrevista, circularização, conciliações, análise de contas contábeis, revisão analítica. 6 Evidências.",,Trilha 9 - Tarefa 04,Revisão 1 semana,,,202044,202044,"0,4",4,25,AUD,AUD,,AUD,,
27/10/2020,AUD,24,"Aula 04 - 4.10 Testes de auditoria. 5 Execução da auditoria. 5.1 Técnicas e procedimentos. 5.1.1 Exame documental, inspeção física, conferência de cálculos, observação, entrevista, circularização, conciliações, análise de contas contábeis, revisão analítica. 6 Evidências.",,Trilha 9 - Tarefa 04,Questões,,,202044,202044,"0,4",4,25,AUD,AUD,,AUD,,
27/10/2020,AUD,60,"Aula 04 - 4.10 Testes de auditoria. 5 Execução da auditoria. 5.1 Técnicas e procedimentos. 5.1.1 Exame documental, inspeção física, conferência de cálculos, observação, entrevista, circularização, conciliações, análise de contas contábeis, revisão analítica. 6 Evidências.",,Trilha 9 - Tarefa 04,Síntese,,,202044,202044,"1,0",4,25,AUD,AUD,,AUD,,
28/10/2020,ANAL. INFO,198,Aula 05 - Noções de mineração de dados: conceituação e características. Modelo de referência CRISP-DM. Técnicas para pré-processamento de dados. Técnicas e tarefas de mineração de dados. Classificação. Regras de associação. Análise de agrupamentos (clusterização). Detecção de anomalias. Modelagem preditiva. Aprendizado de máquina. Mineração de texto.,,Trilha 9 - Tarefa 05,Leitura,,,202044,202044,"3,3",4,25,ANAL. INFO,ANAL. INFO,,ANAL. INFO,,
28/10/2020,FISC. CONT.,64,Aula 03 - Contratação de soluções de Tecnologia da Informação: Instrução normativa (IN 01/2019) - Parte II,,Trilha 9 - Tarefa 06,Leitura,,,202044,202044,"1,1",4,25,FISC. CONT.,FISC. CONT.,,FISC. CONT.,,
28/10/2020,LTM,33,"Aula 05 - Taxas. Taxas Decorrentes do Efetivo Exercício do Poder de Polícia Administrativa e Taxas Decorrentes de Serviços Públicos. Regra Matriz de Incidência: critério material (o quê?), espacial (onde?), temporal (quando?), pessoal (quem?) e quantitativo (quanto?). Arrecadação. Lançamento. Isenções e Descontos. Regras Gerais. Questões de concursos anteriores resolvidas e comentadas.",,Trilha 9 - Tarefa 07,Leitura,,,202044,202044,"0,6",4,25,LTM,LTM,,LTM,,
28/10/2020,LTM,44,"Aula 05 - Taxas. Taxas Decorrentes do Efetivo Exercício do Poder de Polícia Administrativa e Taxas Decorrentes de Serviços Públicos. Regra Matriz de Incidência: critério material (o quê?), espacial (onde?), temporal (quando?), pessoal (quem?) e quantitativo (quanto?). Arrecadação. Lançamento. Isenções e Descontos. Regras Gerais. Questões de concursos anteriores resolvidas e comentadas.",,Trilha 9 - Tarefa 07,Questões,,,202044,202044,"0,7",4,25,LTM,LTM,,LTM,,
29/10/2020,ANAL. INFO,24,Aula 05 - Noções de mineração de dados: conceituação e características. Modelo de referência CRISP-DM. Técnicas para pré-processamento de dados. Técnicas e tarefas de mineração de dados. Classificação. Regras de associação. Análise de agrupamentos (clusterização). Detecção de anomalias. Modelagem preditiva. Aprendizado de máquina. Mineração de texto.,,Trilha 9 - Tarefa 11,Questões,,,202044,202044,"0,4",4,25,ANAL. INFO,ANAL. INFO,,ANAL. INFO,,
29/10/2020,LTM,54,Aula 06 - Simulado com questões da Legislação Tributária Municipal atinente às taxas,,Trilha 9 - Tarefa 13,Questões,,,202044,202044,"0,9",4,25,LTM,LTM,,LTM,,
29/10/2020,ANAL. INFO,103,"Aula 06 - Noções de Big Data: conceito, premissas e aplicação.",,Trilha 9 - Tarefa 16,Leitura,,,202044,202044,"1,7",4,25,ANAL. INFO,ANAL. INFO,,ANAL. INFO,,
29/10/2020,ANAL. INFO,18,"Aula 06 - Noções de Big Data: conceito, premissas e aplicação.",,Trilha 9 - Tarefa 16,Questões,,,202044,202044,"0,3",4,25,ANAL. INFO,ANAL. INFO,,ANAL. INFO,,
29/10/2020,DTRIB,16,Aula 05 - Impostos de Competência dos Municípios. Repartição das Receitas Tributárias,,Trilha 9 - Tarefa 17,Questões,,,202044,202044,"0,3",4,25,DTRIB,DTRIB,,DTRIB,,
29/10/2020,GEST. E GOV.,59,Aula 03 - PMBOK 6 - Parte II,,Trilha 9 - Tarefa 18,Leitura,,,202044,202044,"1,0",4,25,GEST. E GOV.,GEST. E GOV.,,GEST. E GOV.,,
30/10/2020,LTM,60,"Aula 07 - Contribuição de Melhoria. Contribuição para o Custeio da Iluminação Pública. Regra Matriz de Incidência: critério material (o quê?), espacial (onde?), temporal (quando?), pessoal (quem?) e quantitativo (quanto?). Arrecadação. Lançamento. Isenção. Obrigações Acessórias. Regras Gerais. Questões de concursos anteriores resolvidas e comentadas.",,Trilha 9 - Tarefa 19,Leitura,,,202044,202044,"1,0",4,25,LTM,LTM,,LTM,,
30/10/2020,GEST. E GOV.,64,Aula 03 - PMBOK 6 - Parte II,,Trilha 9 - Tarefa 24,Leitura,,,202044,202044,"1,1",4,25,GEST. E GOV.,GEST. E GOV.,,GEST. E GOV.,,
03/11/2020,LTM,74,"Aula 07 - Contribuição de Melhoria. Contribuição para o Custeio da Iluminação Pública. Regra Matriz de Incidência: critério material (o quê?), espacial (onde?), temporal (quando?), pessoal (quem?) e quantitativo (quanto?). Arrecadação. Lançamento. Isenção. Obrigações Acessórias. Regras Gerais. Questões de concursos anteriores resolvidas e comentadas.",,Trilha 9 - Tarefa 25,Leitura,,,202045,202045,"1,2",4,25,LTM,LTM,,LTM,,
03/11/2020,ANAL. INFO,130,"Aula 06 - Noções de Big Data: conceito, premissas e aplicação.",,Trilha 9 - Tarefa 28,Leitura,,,202045,202045,"2,2",4,25,ANAL. INFO,ANAL. INFO,,ANAL. INFO,,
03/11/2020,ANAL. INFO,14,"Aula 06 - Noções de Big Data: conceito, premissas e aplicação.",,Trilha 9 - Tarefa 28,Questões,,,202045,202045,"0,2",4,25,ANAL. INFO,ANAL. INFO,,ANAL. INFO,,
04/11/2020,GEST. E GOV.,39,Aula 02 - PMBOK 6 - Parte I,,Trilha 9 - Tarefa 30,Questões,,,202045,202045,"0,7",4,25,GEST. E GOV.,GEST. E GOV.,,GEST. E GOV.,,
04/11/2020,LTM,56,Aula 08 - Simulado com questões da Legislação Tributária Municipal atinente à contribuição de melhoria,,Trilha 9 - Tarefa 31,Leitura,,,202045,202045,"0,9",4,25,LTM,LTM,,LTM,,
04/11/2020,LTM,31,Aula 08 - Simulado com questões da Legislação Tributária Municipal atinente à contribuição de melhoria,,Trilha 9 - Tarefa 31,Questões,,,202045,202045,"0,5",4,25,LTM,LTM,,LTM,,
04/11/2020,ANAL. INFO,16,"Aula 06 - Noções de Big Data: conceito, premissas e aplicação.",,Trilha 9 - Tarefa 34,Questões,,,202045,202045,"0,3",4,25,ANAL. INFO,ANAL. INFO,,ANAL. INFO,,
04/11/2020,FISC. CONT.,26,Aula 03 - Contratação de soluções de Tecnologia da Informação: Instrução normativa (IN 01/2019) - Parte II,,Trilha 9 - Tarefa 36,Leitura,,,202045,202045,"0,4",4,25,FISC. CONT.,FISC. CONT.,,FISC. CONT.,,
05/11/2020,DISC,60,Treino de Discursiva,,Curso Vandinara - Tema 9,Leitura,,,202045,202045,"1,0",4,25,DISC,DISC,,DISC,,
05/11/2020,CGA,40,Aula 13 - 3.5 Demonstração das Mutações do Patrimônio Líquido. 3.6 Demonstração de Lucros ou Prejuízos Acumulados.,,Trilha 9 - Tarefa 8,Questões,,,202045,202045,"0,7",4,25,CGA,CGA,,CGA,,
05/11/2020,DAD,8,"Aula 01 - 1 Estado, governo e administração pública. 1.1 Conceitos. 2 Direito administrativo. 2.1 Conceito. 2.2 Objeto. 2.3 Fontes.",,Trilha 9 - Tarefa 9,Questões,,,202045,202045,"0,1",4,25,DAD,DAD,,DAD,,
05/11/2020,AUD,13,"Aula 04 - 4.10 Testes de auditoria. 5 Execução da auditoria. 5.1 Técnicas e procedimentos. 5.1.1 Exame documental, inspeção física, conferência de cálculos, observação, entrevista, circularização, conciliações, análise de contas contábeis, revisão analítica. 6 Evidências.",,Trilha 9 - Tarefa 10,Revisão 1 semana,,,202045,202045,"0,2",4,25,AUD,AUD,,AUD,,
05/11/2020,AUD,27,"Aula 04 - 4.10 Testes de auditoria. 5 Execução da auditoria. 5.1 Técnicas e procedimentos. 5.1.1 Exame documental, inspeção física, conferência de cálculos, observação, entrevista, circularização, conciliações, análise de contas contábeis, revisão analítica. 6 Evidências.",,Trilha 9 - Tarefa 10,Questões,,,202045,202045,"0,5",4,25,AUD,AUD,,AUD,,
05/11/2020,DISC,81,Treino de Discursiva,,Curso Vandinara - Tema 9,Questões,,,202045,202045,"1,4",4,25,DISC,DISC,,DISC,,
05/11/2020,DTRIB,9,Aula 09 - Crédito Tributário: Conceito. Constituição do Crédito Tributário. Lançamento: Conceito e Modalidades de Lançamento. Hipóteses de Alteração do Lançamento.,,Trilha 9 - Tarefa 23,Questões,,,202045,202045,"0,2",4,25,DTRIB,DTRIB,,DTRIB,,
06/11/2020,CGA,14,Aula 14 - 3.4 Demonstração do valor adicionado.,,Trilha 9 - Tarefa 20,Revisão 1 semana,,,202045,202045,"0,2",4,25,CGA,CGA,,CGA,,
06/11/2020,CGA,37,Aula 14 - 3.4 Demonstração do valor adicionado.,,Trilha 9 - Tarefa 20,Questões,,,202045,202045,"0,6",4,25,CGA,CGA,,CGA,,
06/11/2020,DTRIB,15,Aula 10 - Suspensão da Exigibilidade do Crédito Tributário: Conceito e Modalidades. Exclusão do Crédito Tributário: Conceito e Modalidades.,,Trilha 9 - Tarefa 29,Questões,,,202045,202045,"0,3",4,25,DTRIB,DTRIB,,DTRIB,,
06/11/2020,EST,120,Aula 06 - Noções de Análise Combinatória para Estatística,,Trilha 9 - Tarefa 14,Revisão 1 semana,,,202045,202045,"2,0",4,25,EST,EST,,EST,,
09/11/2020,AUD,61,Aula 05 - 2.1 Controle interno. 4.4 Exame e avaliação do controle interno.,,Trilha 9 - Tarefa 15,Leitura,,,202046,202046,"1,0",4,25,AUD,AUD,,AUD,,
09/11/2020,DPEN,95,Aula 07 - Crimes contra a fé pública,,Trilha 9 - Tarefa 21,Leitura,,,202046,202046,"1,6",4,25,DPEN,DPEN,,DPEN,,
09/11/2020,AUD,55,Aula 05 - 2.1 Controle interno. 4.4 Exame e avaliação do controle interno.,,Trilha 9 - Tarefa 22,Questões,,,202046,202046,"0,9",4,25,AUD,AUD,,AUD,,
09/11/2020,CGA,18,Aula 14 - 3.4 Demonstração do valor adicionado.,,Trilha 9 - Tarefa 26,Questões,,,202046,202046,"0,3",4,25,CGA,CGA,,CGA,,
10/11/2020,AUD,112,Aula 06 - 4.7 Matriz de Planejamento. 4.8 Programas de auditoria. 6.1 Caracterizações de achados de auditoria. 6.2 Matrizes de achados e matriz de responsabilização.,,Trilha 9 - Tarefa 33,Leitura,,,202046,202046,"1,9",4,25,AUD,AUD,,AUD,,
10/11/2020,DCO,23,Aula 14 – Das Finanças. Do Orçamento.,,Trilha 9 - Tarefa 27,Revisão 1 semana,,,202046,202046,"0,4",4,25,DCO,DCO,,DCO,,
10/11/2020,DCO,48,Aula 14 – Das Finanças. Do Orçamento.,,Trilha 9 - Tarefa 27,Questões,,,202046,202046,"0,8",4,25,DCO,DCO,,DCO,,
10/11/2020,MAT FIN,75,Aula 06 - Desconto Composto,,Trilha 9 - Tarefa 32,Revisão 1 semana,,,202046,202046,"1,3",4,25,MAT FIN,MAT FIN,,MAT FIN,,
10/11/2020,DPEN,33,Aula 07 - Crimes contra a fé pública,,Trilha 9 - Tarefa 35,Questões,,,202046,202046,"0,6",4,25,DPEN,DPEN,,DPEN,,
11/11/2020,LTM,33,Aula 08 - Simulado com questões da Legislação Tributária Municipal atinente à contribuição de melhoria,,Trilha 10 - Tarefa 01,Questões,,,202046,202046,"0,6",4,25,LTM,LTM,,LTM,,
11/11/2020,AUD,81,Aula 06 - 4.7 Matriz de Planejamento. 4.8 Programas de auditoria. 6.1 Caracterizações de achados de auditoria. 6.2 Matrizes de achados e matriz de responsabilização.,,Trilha 10 - Tarefa 02,Leitura,,,202046,202046,"1,4",4,25,AUD,AUD,,AUD,,
11/11/2020,ANAL. INFO,102,Aula 07 - 6 Visualização e análise exploratória de dados.,,Trilha 10 - Tarefa 03,Leitura,,,202046,202046,"1,7",4,25,ANAL. INFO,ANAL. INFO,,ANAL. INFO,,
11/11/2020,GEST. E GOV.,25,Aula 03 - PMBOK 6 - Parte II,,Trilha 10 - Tarefa 04,Revisão 1 semana,,,202046,202046,"0,4",4,25,GEST. E GOV.,GEST. E GOV.,,GEST. E GOV.,,
11/11/2020,GEST. E GOV.,25,Aula 03 - PMBOK 6 - Parte II,,Trilha 10 - Tarefa 04,Questões,,,202046,202046,"0,4",4,25,GEST. E GOV.,GEST. E GOV.,,GEST. E GOV.,,
11/11/2020,DTRIB,15,Aula 11 - Extinção do Crédito Tributário: Conceito e Modalidades. Pagamento Indevido e Repetição do Indébito Tributário.,,Trilha 10 - Tarefa 05,Questões,,,202046,202046,"0,3",4,25,DTRIB,DTRIB,,DTRIB,,
12/11/2020,EST.SERV,68,Aula 00,,Trilha 10 - Tafefa 06,Leitura,,,202046,202046,"1,1",4,25,EST.SERV,EST.SERV,,EST.SERV,,
12/11/2020,EST.SERV,9,Aula 00,,Trilha 10 - Tafefa 06,Questões,,,202046,202046,"0,2",4,25,EST.SERV,EST.SERV,,EST.SERV,,
12/11/2020,LTM,39,"Aula 05 - Taxas. Taxas Decorrentes do Efetivo Exercício do Poder de Polícia Administrativa e Taxas Decorrentes de Serviços Públicos. Regra Matriz de Incidência: critério material (o quê?), espacial (onde?), temporal (quando?), pessoal (quem?) e quantitativo (quanto?). Arrecadação. Lançamento. Isenções e Descontos. Regras Gerais. Questões de concursos anteriores resolvidas e comentadas.",,Trilha 10 - Tarefa 07,Questões,,,202046,202046,"0,7",4,25,LTM,LTM,,LTM,,
12/11/2020,AUD,82,Aula 07 - 7 Comunicação dos resultados. 7.1 Relatórios de auditoria.,,Trilha 10 - Tarefa 08,Leitura,,,202046,202046,"1,4","4,0","25,0",AUD,AUD,,AUD,,
12/11/2020,ANAL. INFO,55,Aula 08 - 7 Lei de Acesso à Informação (Lei nº 12.527/2011): conceitos e aplicação,,Trilha 10 - Tarefa 09,Leitura,,,202046,202046,"0,9",4,25,ANAL. INFO,ANAL. INFO,,ANAL. INFO,,
12/11/2020,ANAL. INFO,12,Aula 08 - 7 Lei de Acesso à Informação (Lei nº 12.527/2011): conceitos e aplicação,,Trilha 10 - Tarefa 09,Questões,,,202046,202046,"0,2",4,25,ANAL. INFO,ANAL. INFO,,ANAL. INFO,,
13/11/2020,CGA,55,"Aula 09 - 9.2 Ajuste a valor presente. 10 Instrumentos financeiros.19 Empréstimos e financiamentos, debêntures e outros títulos de dívida. 21.8 Juros sobre o Capital Próprio. 22 Arrendamento mercantil",,Trilha 10 - Tarefa 10,Revisão 1 semana,,,202046,202046,"0,9",4,25,CGA,CGA,,CGA,,
13/11/2020,CGA,90,"Aula 09 - 9.2 Ajuste a valor presente. 10 Instrumentos financeiros.19 Empréstimos e financiamentos, debêntures e outros títulos de dívida. 21.8 Juros sobre o Capital Próprio. 22 Arrendamento mercantil",,Trilha 10 - Tarefa 10,Questões,,,202046,202046,"1,5",4,25,CGA,CGA,,CGA,,
13/11/2020,DPEN,80,Aula 08 - Crimes praticados por funcionário público contra a administração em geral,,Trilha 10 - Tarefa 12,Leitura,,,202046,202046,"1,3",4,25,DPEN,DPEN,,DPEN,,
13/11/2020,LTM,47,Aula 09 - Normas Gerais Tributárias em Aracaju,,Trilha 10 - Tarefa 13,Leitura,,,202046,202046,"0,8",4,25,LTM,LTM,,LTM,,
13/11/2020,AUD,130,Aula 06 - 4.7 Matriz de Planejamento. 4.8 Programas de auditoria. 6.1 Caracterizações de achados de auditoria. 6.2 Matrizes de achados e matriz de responsabilização.,,Trilha 10 - Tarefa 14,Questões,,,202046,202046,"2,2","4,0","25,0",AUD,AUD,,AUD,,
14/11/2020,DISC,64,Treino de Discursiva,,Curso Vandinara - Tema 10,,,,202046,202046,"1,1",4,25,DISC,DISC,,DISC,,
16/11/2020,ANAL. INFO,70,Aula 08 - 7 Lei de Acesso à Informação (Lei nº 12.527/2011): conceitos e aplicação,,Trilha 10 - Tarefa 15,Leitura,,,202047,202047,"1,2",4,25,ANAL. INFO,ANAL. INFO,,ANAL. INFO,,
16/11/2020,GEST. E GOV.,125,Aula 04 - ITIL v4,,Trilha 10 - Tarefa 16,Leitura,,,202047,202047,"2,1",4,25,GEST. E GOV.,GEST. E GOV.,,GEST. E GOV.,,
16/11/2020,DTRIB,25,Aula 13 - Simples Nacional (Lei Complementar 123/2006),,Trilha 10 - Tarefa 17,Questões,,,202047,202047,"0,4",4,25,DTRIB,DTRIB,,DTRIB,,
16/11/2020,EST.SERV,40,Aula 01,,Trilha 10 - Tarefa 18,Leitura,,,202047,202047,"0,7",4,25,EST.SERV,EST.SERV,,EST.SERV,,
16/11/2020,EST.SERV,10,Aula 01,,Trilha 10 - Tarefa 18,Questões,,,202047,202047,"0,2",4,25,EST.SERV,EST.SERV,,EST.SERV,,
16/11/2020,LTM,50,Aula 09 - Normas Gerais Tributárias em Aracaju,,Trilha 10 - Tarefa 19,Leitura,,,202047,202047,"0,8",4,25,LTM,LTM,,LTM,,
16/11/2020,DCO,19,Aula 00 - Constituição: Conceito. Classificação. Aplicabilidade e Interpretação das Normas Constitucionais. Poder Constituinte: Conceito. Finalidade. Titularidade e Espécies. Princípios Fundamentais.,,Trilha 10 - Tarefa 21,Questões,,,202047,202047,"0,3",4,25,DCO,DCO,,DCO,,
16/11/2020,CGA,42,"Aula 20 - CPC 06 - 22 Arrendamento mercantil. 22.1 Conceito, contabilização, reconhecimento, mensuração e apresentação. 22.2 Transação de venda e leaseback.",,Trilha 10 - Tarefa 22,Questões,,,202047,202047,"0,7",4,25,CGA,CGA,,CGA,,
17/11/2020,GEST. E GOV.,130,Aula 04 - ITIL v4,,Trilha 10 - Tarefa 27,Leitura,,,202047,202047,"2,2",4,25,GEST. E GOV.,GEST. E GOV.,,GEST. E GOV.,,
17/11/2020,LTM,66,Aula 09 - Normas Gerais Tributárias em Aracaju,,Trilha 10 - Tarefa 25,Leitura,,,202047,202047,"1,1",4,25,LTM,LTM,,LTM,,
17/11/2020,LTM,25,Aula 09 - Normas Gerais Tributárias em Aracaju,,Trilha 10 - Tarefa 25,Questões,,,202047,202047,"0,4","4,0","25,0",LTM,LTM,,LTM,,
17/11/2020,DPEN,22,Aula 08 - Crimes praticados por funcionário público contra a administração em geral,,Trilha 10 - Tarefa 24,Revisão 1 semana,,,202047,202047,"0,4",4,25,DPEN,DPEN,,DPEN,,
17/11/2020,AUD,48,Aula 06 - 4.7 Matriz de Planejamento. 4.8 Programas de auditoria. 6.1 Caracterizações de achados de auditoria. 6.2 Matrizes de achados e matriz de responsabilização.,,Trilha 10 - Tarefa 26,Revisão 1 semana,,,202047,202047,"0,8",4,25,AUD,AUD,,AUD,,
17/11/2020,DTRIB,35,Aula 14 - Lei 6.830/1980 (Lei das Execuções Fiscais),,Trilha 10 - Tarefa 28,Leitura,,,202047,202047,"0,6",4,25,DTRIB,DTRIB,,DTRIB,,
17/11/2020,DTRIB,27,Aula 14 - Lei 6.830/1980 (Lei das Execuções Fiscais),,Trilha 10 - Tarefa 28,Questões,,,202047,202047,"0,5",4,25,DTRIB,DTRIB,,DTRIB,,
17/11/2020,LTM,37,Aula 10 - Simulado com questões de Legislação Tributária Municipal atinente às Normas Gerais Tributárias em Aracaju,,Trilha 10 - Tarefa 30,Questões,,,202047,202047,"0,6","4,0","25,0",LTM,LTM,,LTM,,
18/11/2020,GEST. E GOV.,5,Aula 04 - ITIL v4,,Trilha 10 - Tarefa 34,Questões,,,202047,202047,"0,1",4,25,GEST. E GOV.,GEST. E GOV.,,GEST. E GOV.,,
18/11/2020,CCUST,278,Aula 05 - 32 Análise econômico-financeira. 32.1 Indicadores de liquidez. 32.2 Indicadores de rentabilidade. 32.3 Indicadores de lucratividade. 32.4 Indicadores de endividamento. 32.5 Indicadores de estrutura de capitais. 32.6 Análise vertical e horizontal.,,Trilha 10 - Tarefa 29,Revisão 1 semana,,,202047,202047,"4,6",4,25,CCUST,CCUST,,CCUST,,
18/11/2020,DISC,98,Treino de Discursiva,Discursiva - Simulado III Parte 1,Trilha 10 - Tarefa 31,Questões,,,202047,202047,"1,6",4,25,DISC,DISC,,DISC,,
19/11/2020,DISC,84,Treino de Discursiva,Discursiva - Simulado III Parte 1,Trilha 10 - Tarefa 31,Questões,,,202047,202047,"1,4",4,25,DISC,DISC,,DISC,,
19/11/2020,CCUST,90,Aula 05 - 32 Análise econômico-financeira. 32.1 Indicadores de liquidez. 32.2 Indicadores de rentabilidade. 32.3 Indicadores de lucratividade. 32.4 Indicadores de endividamento. 32.5 Indicadores de estrutura de capitais. 32.6 Análise vertical e horizontal.,,Trilha 10 - Tarefa 32,Questões,,,202047,202047,"1,5",4,25,CCUST,CCUST,,CCUST,,
19/11/2020,DTRIB,28,Aula 05 - Impostos de Competência dos Municípios. Repartição das Receitas Tributárias,,Trilha 10 - Tarefa 35,Questões,,,202047,202047,"0,5",4,25,DTRIB,DTRIB,,DTRIB,,
19/11/2020,DTRIB,20,Aula 05 - Impostos de Competência dos Municípios. Repartição das Receitas Tributárias,,Trilha 10 - Tarefa 35,Revisão 1 semana,,,202047,202047,"0,3",4,25,DTRIB,DTRIB,,DTRIB,,
19/11/2020,POR,29,PROVAS/QUESTÕES,,Trilha 10 - Tarefa 33,Questões,,,202047,202047,"0,5",4,25,POR,POR,,POR,,
19/11/2020,DISC,70,Treino de Discursiva,,Trilha 10 - Tarefa 31,Leitura,,,202047,202047,"1,2","4,0","25,0",DISC,DISC,,DISC,,
19/11/2020,EST,100,Aula 07 - Probabilidade,,Trilha 10 - Tarefa 11,Revisão 1 semana,,,202047,202047,"1,7",4,25,EST,EST,,EST,,
19/11/2020,MAT FIN,75,Aula 07 - Equivalência de Capitais,,Trilha 10 - Tarefa 23,Leitura,,,202047,202047,"1,3",4,25,MAT FIN,MAT FIN,,MAT FIN,,
20/11/2020,LTM,38,Aula 09 - Normas Gerais Tributárias em Aracaju,,Trilha 11 - Tarefa 01,Questões,,,202047,202047,"0,6",4,25,LTM,LTM,,LTM,,
20/11/2020,AUD,119,Aula 07 - 7 Comunicação dos resultados. 7.1 Relatórios de auditoria.,,Trilha 11 - Tarefa 02,Leitura,,,202047,202047,"2,0","4,0","25,0",AUD,AUD,,AUD,,
20/11/2020,DAD,44,Aula 09 - 12.2 Lei no 10.520/2002 e demais disposições normativas relativas ao pregão.,,Trilha 11 - Tarefa 03,Questões,,,202047,202047,"0,7","4,0","25,0",DAD,DAD,,DAD,,
20/11/2020,DAD,39,Aula 09 - 12.2 Lei no 10.520/2002 e demais disposições normativas relativas ao pregão.,,Trilha 11 - Tarefa 03,Revisão de 24h,,,202047,202047,"0,7","4,0","25,0",DAD,DAD,,DAD,,
20/11/2020,GEST. E GOV.,55,Aula 06 - MPS.BR,,Trilha 11 - Tarefa 04,Leitura,,,202047,202047,"0,9","4,0","25,0",GEST. E GOV.,GEST. E GOV.,,GEST. E GOV.,,
20/11/2020,DTRIB,10,Aula 05 - Impostos de Competência dos Municípios. Repartição das Receitas Tributárias,,Trilha 11 - Tarefa 05,Revisão 1 semana,,,202047,202047,"0,2",4,25,DTRIB,DTRIB,,DTRIB,,
23/11/2020,DPEN,40,PROVAS/QUESTÕES,,Trilha 11 - Tarefa 06,Questões,,,202048,202048,"0,7",4,25,DPEN,DPEN,,DPEN,,
23/11/2020,POR,132,PROVAS/QUESTÕES,,Trilha 11 - Tarefa 07,Questões,,,202048,202048,"2,2",4,25,POR,POR,,POR,,
23/11/2020,LTM,53,Aula 09 - Normas Gerais Tributárias em Aracaju,,Trilha 11 - Tarefa 08,Questões,,,202048,202048,"0,9",4,25,LTM,LTM,,LTM,,
23/11/2020,AUD,60,Aula 07 - 7 Comunicação dos resultados. 7.1 Relatórios de auditoria.,,Trilha 11 - Tarefa 09,Leitura,,,202048,202048,"1,0",4,25,AUD,AUD,,AUD,,
23/11/2020,ANAL. INFO,25,PROVAS/QUESTÕES,,Trilha 11 - Tarefa 10,Questões,,,202048,202048,"0,4",4,25,ANAL. INFO,ANAL. INFO,,ANAL. INFO,,
23/11/2020,ANAL. INFO,20,Aula 08 - 7 Lei de Acesso à Informação (Lei nº 12.527/2011): conceitos e aplicação,,Trilha 11 - Tarefa 10,Revisão 1 semana,,,202048,202048,"0,3",4,25,ANAL. INFO,ANAL. INFO,,ANAL. INFO,,
23/11/2020,GEST. E GOV.,21,Aula 06 - MPS.BR,,Trilha 11 - Tarefa 11,Revisão 1 semana,,,202048,202048,"0,4",4,25,GEST. E GOV.,GEST. E GOV.,,GEST. E GOV.,,
23/11/2020,GEST. E GOV.,39,Aula 06 - MPS.BR,,Trilha 11 - Tarefa 11,Questões,,,202048,202048,"0,7","4,0","25,0",GEST. E GOV.,GEST. E GOV.,,GEST. E GOV.,,
23/11/2020,MAT FIN,67,Aula 07 - Equivalência de Capitais,,Trilha 10 - Tarefa 23,Revisão 1 semana,,,202048,202048,"1,1",4,25,MAT FIN,MAT FIN,,MAT FIN,,
24/11/2020,DTRIB,21,Aula 09 - Crédito Tributário: Conceito. Constituição do Crédito Tributário. Lançamento: Conceito e Modalidades de Lançamento. Hipóteses de Alteração do Lançamento.,,Trilha 11 - Tarefa 12,Revisão 1 semana,,,202048,202048,"0,4",4,25,DTRIB,DTRIB,,DTRIB,,
24/11/2020,DTRIB,25,Aula 09 - Crédito Tributário: Conceito. Constituição do Crédito Tributário. Lançamento: Conceito e Modalidades de Lançamento. Hipóteses de Alteração do Lançamento.,,Trilha 11 - Tarefa 12,Questões,,,202048,202048,"0,4",4,25,DTRIB,DTRIB,,DTRIB,,
24/11/2020,EST,109,Aula 01 - Introdução à Estatística Descritiva.,,Trilha 11 - Tarefa 13,Questões,,,202048,202048,"1,8",4,25,EST,EST,,EST,,
24/11/2020,DCO,20,Aula 10 - Processo Legislativo.,,Trilha 11 - Tarefa 14,Revisão 1 semana,,,202048,202048,"0,3","4,0","25,0",DCO,DCO,,DCO,,
24/11/2020,DCO,44,Aula 10 - Processo Legislativo.,,Trilha 11 - Tarefa 14,Questões,,,202048,202048,"0,7","4,0","25,0",DCO,DCO,,DCO,,
24/11/2020,LTM,20,"Aula 00 - Introdução. Direito Constitucional Tributário. Princípios Constitucionais Tributários. Limitações Constitucionais ao Poder de Tributar. Tributos Municipais previstos na Constituição. Repartição Constitucional de Receitas com os Municípios. Atribuições da Lei Complementar no Direito Tributário. Questões de concursos anteriores resolvidas e comentadas. IPTU. Imposto sobre a Propriedade Predial e Territorial Urbana. Histórico do IPTU no Brasil. Regra Matriz de Incidência: critério material (o quê?), espacial (onde?), temporal (quando?), pessoal (quem?) e quantitativo (quanto?). Questões de concursos anteriores resolvidas e comentadas.",,Trilha 11 - Tarefa 15,Revisão 1 semana,,,202048,202048,"0,3","4,0","25,0",LTM,LTM,,LTM,,
24/11/2020,LTM,28,"Aula 00 - Introdução. Direito Constitucional Tributário. Princípios Constitucionais Tributários. Limitações Constitucionais ao Poder de Tributar. Tributos Municipais previstos na Constituição. Repartição Constitucional de Receitas com os Municípios. Atribuições da Lei Complementar no Direito Tributário. Questões de concursos anteriores resolvidas e comentadas. IPTU. Imposto sobre a Propriedade Predial e Territorial Urbana. Histórico do IPTU no Brasil. Regra Matriz de Incidência: critério material (o quê?), espacial (onde?), temporal (quando?), pessoal (quem?) e quantitativo (quanto?). Questões de concursos anteriores resolvidas e comentadas.",,Trilha 11 - Tarefa 15,Questões,,,202048,202048,"0,5",4,25,LTM,LTM,,LTM,,
24/11/2020,LTM,73,"Aula 01 - Continuação do IPTU. Questões de concursos anteriores resolvidas e comentadas. ITBI. Imposto sobre Transmissão ""Inter Vivos"", a qualquer título, por ato oneroso, de bens imóveis, por natureza ou acessão física, e de direitos reais sobre imóveis, exceto os de garantia, bem como a cessão de direitos à sua aquisição. Histórico do ITBI no Brasil. Regra Matriz de Incidência: critério material (o quê?), espacial (onde?), temporal (quando?), pessoal (quem?) e quantitativo (quanto?). Regras Gerais. Arrecadação. Lançamento. Não incidência e Isenção. Obrigações Acessórias. Questões de concursos anteriores resolvidas e comentadas.",,Trilha 11 - Tarefa 15,Revisão de 24h,,,202048,202048,"1,2",4,25,LTM,LTM,,LTM,,
24/11/2020,LTM,38,"Aula 01 - Continuação do IPTU. Questões de concursos anteriores resolvidas e comentadas. ITBI. Imposto sobre Transmissão ""Inter Vivos"", a qualquer título, por ato oneroso, de bens imóveis, por natureza ou acessão física, e de direitos reais sobre imóveis, exceto os de garantia, bem como a cessão de direitos à sua aquisição. Histórico do ITBI no Brasil. Regra Matriz de Incidência: critério material (o quê?), espacial (onde?), temporal (quando?), pessoal (quem?) e quantitativo (quanto?). Regras Gerais. Arrecadação. Lançamento. Não incidência e Isenção. Obrigações Acessórias. Questões de concursos anteriores resolvidas e comentadas.",,Trilha 11 - Tarefa 15,Questões,,,202048,202048,"0,6",4,25,LTM,LTM,,LTM,,
25/11/2020,AUD,36,Aula 07 - 7 Comunicação dos resultados. 7.1 Relatórios de auditoria.,,Trilha 11 - Tarefa 16,Questões,,,202048,202048,"0,6",4,25,AUD,AUD,,AUD,,
25/11/2020,AUD,30,Aula 07 - 7 Comunicação dos resultados. 7.1 Relatórios de auditoria.,,Trilha 11 - Tarefa 16,Revisão de 24h,,,202048,202048,"0,5","4,0","25,0",AUD,AUD,,AUD,,
25/11/2020,GEST. E GOV.,40,Aula 02 - PMBOK 6 - Parte I,,Trilha 11 - Tarefa 17,Questões,,,202048,202048,"0,7",4,25,GEST. E GOV.,GEST. E GOV.,,GEST. E GOV.,,
25/11/2020,GEST. E GOV.,14,Aula 02 - PMBOK 6 - Parte I,,Trilha 11 - Tarefa 17,Revisão de 24h,,,202048,202048,"0,2",4,25,GEST. E GOV.,GEST. E GOV.,,GEST. E GOV.,,
25/11/2020,DTRIB,43,Aula 10 - Suspensão da Exigibilidade do Crédito Tributário: Conceito e Modalidades. Exclusão do Crédito Tributário: Conceito e Modalidades.,,Trilha 11 - Tarefa 18,Revisão 1 semana,,,202048,202048,"0,7",4,25,DTRIB,DTRIB,,DTRIB,,
25/11/2020,DTRIB,24,Aula 10 - Suspensão da Exigibilidade do Crédito Tributário: Conceito e Modalidades. Exclusão do Crédito Tributário: Conceito e Modalidades.,,Trilha 11 - Tarefa 18,Questões,,,202048,202048,"0,4",4,25,DTRIB,DTRIB,,DTRIB,,
25/11/2020,ANAL. INFO,37,PROVAS/QUESTÕES,,Trilha 11 - Tarefa 19,Questões,,,202048,202048,"0,6",4,25,ANAL. INFO,ANAL. INFO,,ANAL. INFO,,
25/11/2020,DISC,67,Treino de Discursiva,,Tema 13 - Curso Vandinara,Questões,,,202048,202048,"1,1",4,25,DISC,DISC,,DISC,,
25/11/2020,MAT FIN,45,Aula 07 - Equivalência de Capitais,,Trilha 10 - Tarefa 23,Revisão 1 semana,,,202048,202048,"0,8",4,25,MAT FIN,MAT FIN,,MAT FIN,,
26/11/2020,MAT FIN,72,Aula 07 - Equivalência de Capitais,,Trilha 10 - Tarefa 23,Revisão 1 semana,,,202048,202048,"1,2","4,0","25,0",MAT FIN,MAT FIN,,MAT FIN,,
26/11/2020,MAT FIN,123,Aula 08 - Amortização,,Trilha 11 - Tarefa 21,Leitura,,,202048,202048,"2,1",4,25,MAT FIN,MAT FIN,,MAT FIN,,
26/11/2020,CGA,27,PROVAS/QUESTÕES,,Trilha 11 - Tarefa 22,Questões,,,202048,202048,"0,5",4,25,CGA,CGA,,CGA,,
26/11/2020,LTM,35,"Aula 03 - ISS. Imposto Sobre Serviços de Qualquer Natureza. Histórico da tributação do ISS no Brasil. Regra Matriz de Incidência: critério material (o quê?), espacial (onde?), temporal (quando?), pessoal (quem?) e quantitativo (quanto?). Cadastro Fiscal. Arrecadação. Lançamento. Isenções. Obrigações Acessórias. Questões de concursos anteriores resolvidas e comentadas.",,Trilha 11 - Tarefa 23,Revisão 1 semana,,,202048,202048,"0,6",4,25,LTM,LTM,,LTM,,
27/11/2020,LTM,71,"Aula 03 - ISS. Imposto Sobre Serviços de Qualquer Natureza. Histórico da tributação do ISS no Brasil. Regra Matriz de Incidência: critério material (o quê?), espacial (onde?), temporal (quando?), pessoal (quem?) e quantitativo (quanto?). Cadastro Fiscal. Arrecadação. Lançamento. Isenções. Obrigações Acessórias. Questões de concursos anteriores resolvidas e comentadas.",,Trilha 11 - Tarefa 23,Questões,,,202048,202048,"1,2","4,0","25,0",LTM,LTM,,LTM,,
27/11/2020,AUD,10,"Aula 04 - 4.10 Testes de auditoria. 5 Execução da auditoria. 5.1 Técnicas e procedimentos. 5.1.1 Exame documental, inspeção física, conferência de cálculos, observação, entrevista, circularização, conciliações, análise de contas contábeis, revisão analítica. 6 Evidências.",,Trilha 11 - Tarefa 24,Questões,,,202048,202048,"0,2",4,25,AUD,AUD,,AUD,,
27/11/2020,AUD,11,Aula 05 - 2.1 Controle interno. 4.4 Exame e avaliação do controle interno.,,Trilha 11 - Tarefa 24,Questões,,,202048,202048,"0,2",4,25,AUD,AUD,,AUD,,
27/11/2020,AUD,8,Aula 06 - 4.7 Matriz de Planejamento. 4.8 Programas de auditoria. 6.1 Caracterizações de achados de auditoria. 6.2 Matrizes de achados e matriz de responsabilização.,,Trilha 11 - Tarefa 24,Questões,,,202048,202048,"0,1",4,25,AUD,AUD,,AUD,,
27/11/2020,AUD,8,Aula 07 - 7 Comunicação dos resultados. 7.1 Relatórios de auditoria.,,Trilha 11 - Tarefa 24,Questões,,,202048,202048,"0,1",4,25,AUD,AUD,,AUD,,
27/11/2020,EST.SERV,40,Aula 02,,Trilha 11 - Tarefa 25,Leitura,,,202048,202048,"0,7",4,25,EST.SERV,EST.SERV,,EST.SERV,,
27/11/2020,EST.SERV,14,Aula 02,,Trilha 11 - Tarefa 25,Questões,,,202048,202048,"0,2",4,25,EST.SERV,EST.SERV,,EST.SERV,,
27/11/2020,DTRIB,57,Aula 11 - Extinção do Crédito Tributário: Conceito e Modalidades. Pagamento Indevido e Repetição do Indébito Tributário.,,Trilha 11 - Tarefa 26,Revisão 1 semana,,,202048,202048,"1,0",4,25,DTRIB,DTRIB,,DTRIB,,
27/11/2020,DTRIB,82,Aula 11 - Extinção do Crédito Tributário: Conceito e Modalidades. Pagamento Indevido e Repetição do Indébito Tributário.,,Trilha 11 - Tarefa 26,Questões,,,202048,202048,"1,4",4,25,DTRIB,DTRIB,,DTRIB,,
27/11/2020,POR,95,Aula 01 - Emprego das classes de palavras.,,Colocação pronominal,Revisão 1 semana,,,202048,202048,"1,6",4,25,POR,POR,,POR,,
28/11/2020,FISC. CONT.,98,Aula 02 - Contratação de soluções de Tecnologia da Informação: Instrução normativa (IN 01/2019) - Parte I,,Trilha 11 - Tarefa 27,Revisão 1 semana,,,202048,202048,"1,6",4,25,FISC. CONT.,FISC. CONT.,,FISC. CONT.,,
28/11/2020,DCO,34,Aula 18 – Do Controle de Constitucionalidade.,,Trilha 11 - Tarefa 28,Revisão 1 semana,,,202048,202048,"0,6","4,0","25,0",DCO,DCO,,DCO,,
28/11/2020,DCO,39,Aula 18 – Do Controle de Constitucionalidade.,,Trilha 11 - Tarefa 28,Questões,,,202048,202048,"0,7","4,0","25,0",DCO,DCO,,DCO,,
30/11/2020,CGA,32,PROVAS/QUESTÕES,,Trilha 11 - Tarefa 29,Questões,,,202049,202049,"0,5",4,25,CGA,CGA,,CGA,,
30/11/2020,LTM,35,"Aula 05 - Taxas. Taxas Decorrentes do Efetivo Exercício do Poder de Polícia Administrativa e Taxas Decorrentes de Serviços Públicos. Regra Matriz de Incidência: critério material (o quê?), espacial (onde?), temporal (quando?), pessoal (quem?) e quantitativo (quanto?). Arrecadação. Lançamento. Isenções e Descontos. Regras Gerais. Questões de concursos anteriores resolvidas e comentadas.",,Trilha 11 - Tarefa 30,Questões,,,202049,202049,"0,6",4,25,LTM,LTM,,LTM,,
30/11/2020,AUD,50,Aula Extra - Normas relativas à opinião,,Trilha 11 - Tarefa 31,Leitura,,,202049,202049,"0,8",4,25,AUD,AUD,,AUD,,
30/11/2020,AUD,19,Aula Extra - Normas relativas à opinião,,Trilha 11 - Tarefa 31,Questões,,,202049,202049,"0,3",4,25,AUD,AUD,,AUD,,
30/11/2020,EST.SERV,84,Aula 03,,Trilha 11 - Tarefa 32,Leitura,,,202049,202049,"1,4",4,25,EST.SERV,EST.SERV,,EST.SERV,,
30/11/2020,EST.SERV,8,Aula 03,,Trilha 11 - Tarefa 32,Questões,,,202049,202049,"0,1","4,0","25,0",EST.SERV,EST.SERV,,EST.SERV,,
30/11/2020,GEST. E GOV.,29,Aula 01 - COBIT 5,,Trilha 11 - Tarefa 33,Questões,,,202049,202049,"0,5",4,25,GEST. E GOV.,GEST. E GOV.,,GEST. E GOV.,,
30/11/2020,GEST. E GOV.,45,Aula 01 - COBIT 5,,Trilha 11 - Tarefa 33,Revisão 30 dias,,,202049,202049,"0,8",4,25,GEST. E GOV.,GEST. E GOV.,,GEST. E GOV.,,
01/12/2020,SEG. INFO,23,"Aula 02 - Norma NBR ISO/IEC 27001:2013 e 27002/2013. Classificação e Controle de Ativos de informação, segurança de ambientes físicos e lógicos, controle de acesso. 1.3 Definição, implantação e gestão de políticas de segurança da informação e auditoria. Aquisição, desenvolvimento e manutenção de sistemas. Organização da Segurança da Informação. 3.1 Organização interna. 3.2 Responsabilidade e papéis pela segurança da informação. 3.3. Segurança da informação no gerenciamento de projetos. 3.4 Políticas para o uso de dispositivo móvel. 3.5 Trabalho Remoto. 4. Segurança em recursos humanos. 5. Gestão de incidentes de segurança da informação. 6. Aspectos da segurança da informação na gestão da continuidade do negócio. 7. Conformidade.",,Trilha 11 - Tarefa 34,Revisão 30 dias,,,202049,202049,"0,4",4,25,SEG. INFO,SEG. INFO,,SEG. INFO,,
01/12/2020,SEG. INFO,40,"Aula 02 - Norma NBR ISO/IEC 27001:2013 e 27002/2013. Classificação e Controle de Ativos de informação, segurança de ambientes físicos e lógicos, controle de acesso. 1.3 Definição, implantação e gestão de políticas de segurança da informação e auditoria. Aquisição, desenvolvimento e manutenção de sistemas. Organização da Segurança da Informação. 3.1 Organização interna. 3.2 Responsabilidade e papéis pela segurança da informação. 3.3. Segurança da informação no gerenciamento de projetos. 3.4 Políticas para o uso de dispositivo móvel. 3.5 Trabalho Remoto. 4. Segurança em recursos humanos. 5. Gestão de incidentes de segurança da informação. 6. Aspectos da segurança da informação na gestão da continuidade do negócio. 7. Conformidade.",,Trilha 11 - Tarefa 34,Questões,,,202049,202049,"0,7",4,25,SEG. INFO,SEG. INFO,,SEG. INFO,,
01/12/2020,POR,125,REVISÃO,,Trilha 11 - Tarefa 35,Revisão 30 dias,,,202049,202049,"2,1",4,25,POR,POR,,POR,,
01/12/2020,POR,64,PROVAS/QUESTÕES,,Trilha 11 - Tarefa 35,Questões,,,202049,202049,"1,1","4,0","25,0",POR,POR,,POR,,
01/12/2020,DCO,50,PROVAS/QUESTÕES,,Trilha 11 - Tarefa 36,Questões,,,202049,202049,"0,8",4,25,DCO,DCO,,DCO,,
01/12/2020,DAD,12,Aula 13 - 10 Controle da administração pública. 10.1 Controle exercido pela administração pública. 10.2 Controle judicial. 10.3 Controle legislativo. 15 Sistemas de controle jurisdicional da administração pública. 15.1 Contencioso Administrativo e sistema da jurisdição da administração pública.,,Trilha 11 - Tarefa 39,Revisão 30 dias,,,202049,202049,"0,2",4,25,DAD,DAD,,DAD,,
01/12/2020,DAD,32,Aula 13 - 10 Controle da administração pública. 10.1 Controle exercido pela administração pública. 10.2 Controle judicial. 10.3 Controle legislativo. 15 Sistemas de controle jurisdicional da administração pública. 15.1 Contencioso Administrativo e sistema da jurisdição da administração pública.,,Trilha 11 - Tarefa 39,Questões,,,202049,202049,"0,5",4,25,DAD,DAD,,DAD,,
01/12/2020,DTRIB,21,PROVAS/QUESTÕES,,Trilha 11 - Tarefa 38,Questões,,,202049,202049,"0,4",4,25,DTRIB,DTRIB,,DTRIB,,
01/12/2020,MAT FIN,80,Aula 09 - Análise de Investimentos,,Trilha 11 - Tarefa 37,Revisão 1 semana,,,202049,202049,"1,3",4,25,MAT FIN,MAT FIN,,MAT FIN,,
02/12/2020,ANAL. INFO,27,REVISÃO,,Trilha 12 - Tarefa 01,Questões,,,202049,202049,"0,5",4,25,ANAL. INFO,ANAL. INFO,,ANAL. INFO,,
02/12/2020,LTM,33,Aula 09 - Normas Gerais Tributárias em Aracaju,,Trilha 12 - Tarefa 02,Questões,,,202049,202049,"0,6",4,25,LTM,LTM,,LTM,,
02/12/2020,AUD,90,Aula 11 - 3 Gestão de riscos no setor público.,,Trilha 12 - Tarefa 03,Leitura,,,202049,202049,"1,5",4,25,AUD,AUD,,AUD,,
02/12/2020,GEST. E GOV.,75,Aula 01 - COBIT 5,,Trilha 12 - Tarefa 04,Revisão 1 semana,,,202049,202049,"1,3","4,0","25,0",GEST. E GOV.,GEST. E GOV.,,GEST. E GOV.,,
02/12/2020,GEST. E GOV.,97,Aula 02 - PMBOK 6 - Parte I,,Trilha 12 - Tarefa 04,Revisão 1 semana,,,202049,202049,"1,6",4,25,GEST. E GOV.,GEST. E GOV.,,GEST. E GOV.,,
02/12/2020,EST,39,Aula 03 - Moda,,Trilha 12 - Tarefa 07,Questões,,,202049,202049,"0,7",4,25,EST,EST,,EST,,
03/12/2020,CGA,64,REVISÃO,,Trilha 12 - Tarefa 05,Questões,,,202049,202049,"1,1",4,25,CGA,CGA,,CGA,,
03/12/2020,DTRIB,83,REVISÃO,,Trilha 12 - Tarefa 06,Questões,,,202049,202049,"1,4",4,25,DTRIB,DTRIB,,DTRIB,,
03/12/2020,EST,54,Aula 04 - Medidas de Dispersão,,Trilha 12 - Tarefa 07,Questões,,,202049,202049,"0,9",4,25,EST,EST,,EST,,
03/12/2020,ANAL. INFO,168,REVISÃO,,Trillha 12 - Tarefa 08,Revisão 1 semana,,,202049,202049,"2,8","4,0","25,0",ANAL. INFO,ANAL. INFO,,ANAL. INFO,,
03/12/2020,LTM,25,Aula 09 - Normas Gerais Tributárias em Aracaju,,Trilha 12 - Tarefa 09,Questões,,,202049,202049,"0,4","4,0","25,0",LTM,LTM,,LTM,,
03/12/2020,DAD,34,REVISÃO,,Trilha 12 - Tarefa 10,Questões,,,202049,202049,"0,6","4,0","25,0",DAD,DAD,,DAD,,
03/12/2020,GEST. E GOV.,105,Aula 04 - ITIL v4,,Trilha 12 - Tarefa 11,Revisão 1 semana,,,202049,202049,"1,8","4,0","25,0",GEST. E GOV.,GEST. E GOV.,,GEST. E GOV.,,
09/12/2020,DPEN,145,PROVAS/QUESTÕES,,Trilha 12 - Tarefa 12,Revisão 30 dias,,,202050,202050,"2,4",4,25,DPEN,DPEN,,DPEN,,
04/12/2020,SEG. INFO,31,REVISÃO,,Trilha 12 - Tarefa 13,Questões,,,202049,202049,"0,5",4,25,SEG. INFO,SEG. INFO,,SEG. INFO,,
04/12/2020,POR,,REVISÃO,,Trilha 12 - Tarefa 14,,,,202049,202049,"0,0",4,25,POR,POR,,POR,,
04/12/2020,EST,14,"Aula 05 - Momentos, Assimetria e curtose",,Trilha 12 - Tarefa 07,Revisão 1 semana,,,202049,202049,"0,2",4,25,EST,EST,,EST,,
04/12/2020,ANAL. INFO,85,REVISÃO,,Trilha 12 - Tarefa 15,Revisão 1 semana,,,202049,202049,"1,4",4,25,ANAL. INFO,ANAL. INFO,,ANAL. INFO,,
04/12/2020,LTM,49,"Aula 00 - Introdução. Direito Constitucional Tributário. Princípios Constitucionais Tributários. Limitações Constitucionais ao Poder de Tributar. Tributos Municipais previstos na Constituição. Repartição Constitucional de Receitas com os Municípios. Atribuições da Lei Complementar no Direito Tributário. Questões de concursos anteriores resolvidas e comentadas. IPTU. Imposto sobre a Propriedade Predial e Territorial Urbana. Histórico do IPTU no Brasil. Regra Matriz de Incidência: critério material (o quê?), espacial (onde?), temporal (quando?), pessoal (quem?) e quantitativo (quanto?). Questões de concursos anteriores resolvidas e comentadas.",,Trilha 12 - Tarefa 16,Questões,,,202049,202049,"0,8",4,25,LTM,LTM,,LTM,,
05/12/2020,DISC,88,Treino de Discursiva,,Trilha 12 - Tarefa 32,Questões,,,202049,202049,"1,5",4,25,DISC,DISC,,DISC,,
10/12/2020,MAT FIN,360,REVISÃO,,Trilha 12 - Tarefa 18,Questões,,,202050,202050,"6,0",4,25,MAT FIN,MAT FIN,,MAT FIN,,
06/12/2020,GEST. E GOV.,132,Aula 05 - ISO/IEC 38500,,Estudo da aula,Leitura,,,202049,202049,"2,2",4,25,GEST. E GOV.,GEST. E GOV.,,GEST. E GOV.,,
07/12/2020,CGA,200,REVISÃO,,Trilha 12 - Tarefa 19,Questões,,,202050,202050,"3,3",4,25,CGA,CGA,,CGA,,
07/12/2020,DTRIB,60,REVISÃO,,Trilha 12 - Tarefa 20,,,,202050,202050,"1,0",4,25,DTRIB,DTRIB,,DTRIB,,
07/12/2020,DCO,,REVISÃO,,Trilha 12 - Tarefa 21,,,,202050,202050,"0,0",4,25,DCO,DCO,,DCO,,
07/12/2020,ANAL. INFO,100,REVISÃO,,Trilha 12 - Tarefa 22,Revisão 1 semana,,,202050,202050,"1,7",4,25,ANAL. INFO,ANAL. INFO,,ANAL. INFO,,
07/12/2020,LTM,94,"Aula 03 - ISS. Imposto Sobre Serviços de Qualquer Natureza. Histórico da tributação do ISS no Brasil. Regra Matriz de Incidência: critério material (o quê?), espacial (onde?), temporal (quando?), pessoal (quem?) e quantitativo (quanto?). Cadastro Fiscal. Arrecadação. Lançamento. Isenções. Obrigações Acessórias. Questões de concursos anteriores resolvidas e comentadas.",,Trilha 12 - Tarefa 23,Questões,,,202050,202050,"1,6",4,25,LTM,LTM,,LTM,,
07/12/2020,DAD,,REVISÃO,,Trilha 12 - Tarefa 24,,,,202050,202050,"0,0",4,25,DAD,DAD,,DAD,,
08/12/2020,GEST. E GOV.,45,Aula 05 - ISO/IEC 38500,,Trilha 12 - Tarefa 25,Revisão 1 semana,,,202050,202050,"0,8",4,25,GEST. E GOV.,GEST. E GOV.,,GEST. E GOV.,,
08/12/2020,FISC. CONT.,172,REVISÃO,,Trilha 12 - Tarefa 26,Revisão 1 semana,,,202050,202050,"2,9",4,25,FISC. CONT.,FISC. CONT.,,FISC. CONT.,,
08/12/2020,SEG. INFO,45,REVISÃO,,Trilha 12 - Tarefa 27,Questões,,,202050,202050,"0,8",4,25,SEG. INFO,SEG. INFO,,SEG. INFO,,
08/12/2020,EST,,Aula 06 - Noções de Análise Combinatória para Estatística,,Trilha 12 - Tarefa 28,Revisão 1 semana,,,202050,202050,"0,0",4,25,EST,EST,,EST,,
08/12/2020,ANAL. INFO,114,REVISÃO,,Trilha 12 - Tarefa 29,Revisão de 24h,,,202050,202050,"1,9",4,25,ANAL. INFO,ANAL. INFO,,ANAL. INFO,,
08/12/2020,LTM,62,"Aula 05 - Taxas. Taxas Decorrentes do Efetivo Exercício do Poder de Polícia Administrativa e Taxas Decorrentes de Serviços Públicos. Regra Matriz de Incidência: critério material (o quê?), espacial (onde?), temporal (quando?), pessoal (quem?) e quantitativo (quanto?). Arrecadação. Lançamento. Isenções e Descontos. Regras Gerais. Questões de concursos anteriores resolvidas e comentadas.",,Trilha 12 - Tarefa 30,Questões,,,202050,202050,"1,0",4,25,LTM,LTM,,LTM,,
09/12/2020,GEST. E GOV.,100,Aula 06 - MPS.BR,,Trilha 12 - Tarefa 31,Questões,,,202050,202050,"1,7",4,25,GEST. E GOV.,GEST. E GOV.,,GEST. E GOV.,,
09/12/2020,DTRIB,,REVISÃO,,Trilha 12 - Tarefa 33,Revisão 1 semana,,,202050,202050,"0,0",4,25,DTRIB,DTRIB,,DTRIB,,
09/12/2020,DCO,,REVISÃO,,Trilha 12 - Tarefa 34,,,,202050,202050,"0,0",4,25,DCO,DCO,,DCO,,
09/12/2020,EST,,Aula 07 - Probabilidade,,Trilha 12 - Tarefa 35,,,,202050,202050,"0,0",4,25,EST,EST,,EST,,